"","sell0.01","buy0.01","sell0.02","buy0.02","sell0.03","buy0.03","sell0.04","buy0.04","sell0.05","buy0.05","sell0.06","buy0.06","sell0.07","buy0.07","sell0.08","buy0.08","sell0.09","buy0.09","sell0.1","buy0.1","sell0.11","buy0.11","sell0.12","buy0.12","sell0.13","buy0.13","sell0.14","buy0.14","sell0.15","buy0.15","sell0.16","buy0.16","sell0.17","buy0.17","sell0.18","buy0.18","sell0.19","buy0.19","sell0.2","buy0.2","sell0.21","buy0.21","sell0.22","buy0.22","sell0.23","buy0.23","sell0.24","buy0.24","sell0.25","buy0.25","sell0.26","buy0.26","sell0.27","buy0.27","sell0.28","buy0.28","sell0.29","buy0.29","sell0.3","buy0.3","sell0.31","buy0.31","sell0.32","buy0.32","sell0.33","buy0.33","sell0.34","buy0.34","sell0.35","buy0.35","sell0.36","buy0.36","sell0.37","buy0.37","sell0.38","buy0.38","sell0.39","buy0.39","sell0.4","buy0.4","sell0.41","buy0.41","sell0.42","buy0.42","sell0.43","buy0.43","sell0.44","buy0.44","sell0.45","buy0.45","sell0.46","buy0.46","sell0.47","buy0.47","sell0.48","buy0.48","sell0.49","buy0.49","sell0.5","buy0.5","sell0.51","buy0.51","sell0.52","buy0.52","sell0.53","buy0.53","sell0.54","buy0.54","sell0.55","buy0.55","sell0.56","buy0.56","sell0.57","buy0.57","sell0.58","buy0.58","sell0.59","buy0.59","sell0.6","buy0.6","sell0.61","buy0.61","sell0.62","buy0.62","sell0.63","buy0.63","sell0.64","buy0.64","sell0.65","buy0.65","sell0.66","buy0.66","sell0.67","buy0.67","sell0.68","buy0.68","sell0.69","buy0.69","sell0.7","buy0.7","sell0.71","buy0.71","sell0.72","buy0.72","sell0.73","buy0.73","sell0.74","buy0.74","sell0.75","buy0.75","sell0.76","buy0.76","sell0.77","buy0.77","sell0.78","buy0.78","sell0.79","buy0.79","sell0.8","buy0.8","sell0.81","buy0.81","sell0.82","buy0.82","sell0.83","buy0.83","sell0.84","buy0.84","sell0.85","buy0.85","sell0.86","buy0.86","sell0.87","buy0.87","sell0.88","buy0.88","sell0.89","buy0.89","sell0.9","buy0.9","sell0.91","buy0.91","sell0.92","buy0.92","sell0.93","buy0.93","sell0.94","buy0.94","sell0.95","buy0.95","sell0.96","buy0.96","sell0.97","buy0.97","sell0.98","buy0.98","sell0.99","buy0.99","sell1","buy1"
"Q1.2003",28481.51,117.92,26898.37,1701.06,26254.56,2344.87,25968.59,2630.84,25407.96,3191.47,25244.58,3354.85,24510.81,4088.62,24112.73,4486.7,23911.87,4687.56,23826.75,4772.68,23641.33,4958.1,23641.33,4958.1,23631.27,4968.16,23631.27,4968.16,23040.35,5559.08,22916.96,5682.47,22913.32,5686.11,22913.32,5686.11,21872.02,6727.41,21872.02,6727.41,21614.05,6985.38,21614.05,6985.38,21159.26,7440.17,21159.26,7440.17,21037.02,7562.41,21037.02,7562.41,20679.47,7919.96,20361.97,8237.46,20361.97,8237.46,20361.97,8237.46,20361.97,8237.46,20361.97,8237.46,18515.79,10083.64,18515.79,10083.64,18515.79,10083.64,18515.79,10083.64,18515.79,10083.64,18515.79,10083.64,18515.79,10083.64,18487.45,10111.98,18487.45,10111.98,15041.65,13557.78,14479.68,14119.75,14479.68,14119.75,12027.84,16571.59,12027.84,16571.59,12027.84,16571.59,12027.84,16571.59,11185.28,17414.15,11185.28,17414.15,11185.28,17414.15,11185.28,17414.15,11185.28,17414.15,11185.28,17414.15,8160.58,20438.85,25.91,28573.52,25.91,28573.52,25.91,28573.52,25.91,28573.52,25.91,28573.52,25.91,28573.52,25.91,28573.52,25.91,28573.52,25.91,28573.52,25.91,28573.52,25.91,28573.52,25.91,28573.52,25.91,28573.52,0,28599.43,0,28599.43,0,28599.43,0,28599.43,0,28599.43,0,28599.43,0,28599.43,0,28599.43,0,28599.43,0,28599.43,0,28599.43,0,28599.43,0,28599.43,0,28599.43,0,28599.43,0,28599.43,0,28599.43,0,28599.43,0,28599.43,0,28599.43,0,28599.43,0,28599.43,0,28599.43,0,28599.43,0,28599.43,0,28599.43,0,28599.43,0,28599.43,0,28599.43,0,28599.43,0,28599.43,0,28599.43
"Q2.2003",28368.56,94.9,26704.93,1758.53,26138.17,2325.29,25766.14,2697.32,25261.93,3201.53,25120.23,3343.23,23993.46,4470,23953.59,4509.87,23801.03,4662.43,23515.84,4947.62,23501.6,4961.86,23501.6,4961.86,23501.6,4961.86,23494.4,4969.06,23494.05,4969.41,23385.01,5078.45,22845.56,5617.9,22650.59,5812.87,21611.78,6851.68,21611.78,6851.68,21611.78,6851.68,21067.07,7396.39,21067.07,7396.39,20712.8,7750.66,20590.56,7872.9,20590.56,7872.9,20590.56,7872.9,20246.76,8216.7,20246.76,8216.7,20246.76,8216.7,20246.76,8216.7,18468.78,9994.68,18440.44,10023.02,18440.44,10023.02,18440.44,10023.02,18440.44,10023.02,18440.44,10023.02,18440.44,10023.02,18440.44,10023.02,18440.44,10023.02,18440.44,10023.02,18440.44,10023.02,14997.47,13465.99,14997.47,13465.99,14480.29,13983.17,12028.45,16435.01,12028.45,16435.01,11185.93,17277.53,11185.93,17277.53,11185.93,17277.53,11185.93,17277.53,11185.93,17277.53,11185.93,17277.53,8161.23,20302.23,8161.23,20302.23,8161.23,20302.23,25.91,28437.55,25.91,28437.55,25.91,28437.55,25.91,28437.55,25.91,28437.55,25.91,28437.55,25.91,28437.55,25.91,28437.55,25.91,28437.55,25.91,28437.55,25.91,28437.55,25.91,28437.55,25.91,28437.55,0,28463.46,0,28463.46,0,28463.46,0,28463.46,0,28463.46,0,28463.46,0,28463.46,0,28463.46,0,28463.46,0,28463.46,0,28463.46,0,28463.46,0,28463.46,0,28463.46,0,28463.46,0,28463.46,0,28463.46,0,28463.46,0,28463.46,0,28463.46,0,28463.46,0,28463.46,0,28463.46,0,28463.46,0,28463.46,0,28463.46,0,28463.46,0,28463.46,0,28463.46,0,28463.46,0,28463.46
"Q3.2003",28218.83,89.89,26600.03,1708.69,25997.38,2311.34,25562.94,2745.78,25107.61,3201.11,25053.49,3255.23,24782,3526.72,23836.05,4472.67,23792.96,4515.76,23634.55,4674.17,23438.06,4870.66,23353.18,4955.54,23353.18,4955.54,23299.8,5008.92,23194.48,5114.24,23187.28,5121.44,23187.28,5121.44,23174.84,5133.88,23174.84,5133.88,22785.27,5523.45,22018.39,6290.33,21495.02,6813.7,20615.33,7693.39,20507.77,7800.95,20481.47,7827.25,20481.47,7827.25,20481.47,7827.25,20481.47,7827.25,20481.47,7827.25,20481.47,7827.25,20163.97,8144.75,20163.97,8144.75,18459.38,9849.34,18459.38,9849.34,18431.04,9877.68,18431.04,9877.68,18431.04,9877.68,18431.04,9877.68,18431.04,9877.68,18431.04,9877.68,18431.04,9877.68,18431.04,9877.68,18431.04,9877.68,18431.04,9877.68,18431.04,9877.68,14991.52,13317.2,12539.68,15769.04,11702.97,16605.75,11702.97,16605.75,11185.82,17122.9,11185.82,17122.9,11185.82,17122.9,11185.82,17122.9,11185.82,17122.9,11185.82,17122.9,8161.16,20147.56,8161.16,20147.56,8161.16,20147.56,25.91,28282.81,25.91,28282.81,25.91,28282.81,25.91,28282.81,25.91,28282.81,25.91,28282.81,25.91,28282.81,25.91,28282.81,25.91,28282.81,25.91,28282.81,25.91,28282.81,25.91,28282.81,25.91,28282.81,0,28308.72,0,28308.72,0,28308.72,0,28308.72,0,28308.72,0,28308.72,0,28308.72,0,28308.72,0,28308.72,0,28308.72,0,28308.72,0,28308.72,0,28308.72,0,28308.72,0,28308.72,0,28308.72,0,28308.72,0,28308.72,0,28308.72,0,28308.72,0,28308.72,0,28308.72,0,28308.72,0,28308.72,0,28308.72,0,28308.72,0,28308.72,0,28308.72,0,28308.72
"Q4.2003",28102.05,81.33,26504.53,1678.85,25890.39,2292.99,25608.26,2575.12,24989.72,3193.66,24926.19,3257.19,24239.41,3943.97,23668.8,4514.58,23522.4,4660.98,23507.81,4675.57,23505.48,4677.9,23319.71,4863.67,23237.64,4945.74,23237.64,4945.74,23071.26,5112.12,23071.26,5112.12,23058.82,5124.56,23058.82,5124.56,23055.18,5128.2,22799.59,5383.79,22675.95,5507.43,21909.08,6274.3,21552.33,6631.05,21007.62,7175.76,20900.28,7283.1,20900.28,7283.1,20376.91,7806.47,20376.91,7806.47,20376.91,7806.47,20376.91,7806.47,20350.61,7832.77,18717.32,9466.06,18717.32,9466.06,18399.82,9783.56,18371.48,9811.9,18371.48,9811.9,18371.48,9811.9,18371.48,9811.9,18371.48,9811.9,18371.48,9811.9,18371.48,9811.9,18371.48,9811.9,18371.48,9811.9,18371.48,9811.9,18371.48,9811.9,18371.48,9811.9,18371.48,9811.9,14931.96,13251.42,14154.5,14028.88,14154.5,14028.88,14154.5,14028.88,11702.66,16480.72,11702.66,16480.72,11702.66,16480.72,11185.51,16997.87,11185.51,16997.87,11185.51,16997.87,8160.85,20022.53,8160.85,20022.53,25.91,28157.47,25.91,28157.47,25.91,28157.47,25.91,28157.47,25.91,28157.47,25.91,28157.47,25.91,28157.47,25.91,28157.47,25.91,28157.47,25.91,28157.47,25.91,28157.47,25.91,28157.47,25.91,28157.47,25.91,28157.47,0,28183.38,0,28183.38,0,28183.38,0,28183.38,0,28183.38,0,28183.38,0,28183.38,0,28183.38,0,28183.38,0,28183.38,0,28183.38,0,28183.38,0,28183.38,0,28183.38,0,28183.38,0,28183.38,0,28183.38,0,28183.38,0,28183.38,0,28183.38,0,28183.38,0,28183.38,0,28183.38,0,28183.38,0,28183.38,0,28183.38,0,28183.38
"Q1.2004",27972.84,117.15,26454.01,1635.98,25715.19,2374.8,25424.58,2665.41,24908.03,3181.96,24902.96,3187.03,24275.97,3814.02,23777.99,4312,23438.13,4651.86,23438.13,4651.86,23235.79,4854.2,23235.79,4854.2,23146.52,4943.47,23091.47,4998.52,22986.4,5103.59,22986.4,5103.59,22850.26,5239.73,22850.26,5239.73,22850.26,5239.73,22604.81,5485.18,22604.81,5485.18,22248.06,5841.93,21481.19,6608.8,21194.36,6895.63,20936.55,7153.44,20936.55,7153.44,20936.55,7153.44,20936.55,7153.44,20936.55,7153.44,20936.55,7153.44,19349.26,8740.73,19349.26,8740.73,19241.89,8848.1,18401.05,9688.94,18401.05,9688.94,18401.05,9688.94,18401.05,9688.94,18401.05,9688.94,18372.71,9717.28,18372.71,9717.28,18372.71,9717.28,18372.71,9717.28,18372.71,9717.28,18372.71,9717.28,18372.71,9717.28,18372.71,9717.28,18372.71,9717.28,14933.25,13156.74,14933.25,13156.74,14933.25,13156.74,14155.79,13934.2,14155.79,13934.2,11703.95,16386.04,11703.95,16386.04,11703.95,16386.04,11186.8,16903.19,11186.8,16903.19,11186.8,16903.19,8162.17,19927.82,25.91,28064.08,25.91,28064.08,25.91,28064.08,25.91,28064.08,25.91,28064.08,25.91,28064.08,25.91,28064.08,25.91,28064.08,25.91,28064.08,25.91,28064.08,25.91,28064.08,25.91,28064.08,25.91,28064.08,25.91,28064.08,0,28089.99,0,28089.99,0,28089.99,0,28089.99,0,28089.99,0,28089.99,0,28089.99,0,28089.99,0,28089.99,0,28089.99,0,28089.99,0,28089.99,0,28089.99,0,28089.99,0,28089.99,0,28089.99,0,28089.99,0,28089.99,0,28089.99,0,28089.99,0,28089.99,0,28089.99,0,28089.99,0,28089.99,0,28089.99,0,28089.99,0,28089.99
"Q2.2004",27895.59,117.7,26354.85,1658.44,25633.04,2380.25,24970.53,3042.76,24814.46,3198.83,24179.88,3833.41,23954.27,4059.02,23346.26,4667.03,23343.68,4669.61,23329.09,4684.2,23082.84,4930.45,23082.84,4930.45,22891.61,5121.68,22767.79,5245.5,22767.79,5245.5,22755.35,5257.94,22755.35,5257.94,22751.71,5261.58,22751.71,5261.58,22501.62,5511.67,22141.7,5871.59,21374.83,6638.46,21087.65,6925.64,20829.9,7183.39,20829.9,7183.39,20829.9,7183.39,20829.9,7183.39,20803.6,7209.69,19311.31,8701.98,19311.31,8701.98,19311.31,8701.98,19311.31,8701.98,19311.31,8701.98,18680.6,9332.69,18363.1,9650.19,18363.1,9650.19,18363.1,9650.19,18363.1,9650.19,18363.1,9650.19,18334.76,9678.53,18334.76,9678.53,18334.76,9678.53,18334.76,9678.53,18334.76,9678.53,18334.76,9678.53,18334.76,9678.53,14898.1,13115.19,14898.1,13115.19,14120.64,13892.65,11668.8,16344.49,11668.8,16344.49,11668.8,16344.49,11668.8,16344.49,11668.8,16344.49,11186.54,16826.75,8161.91,19851.38,8161.91,19851.38,8161.91,19851.38,8161.91,19851.38,25.91,27987.38,25.91,27987.38,25.91,27987.38,25.91,27987.38,25.91,27987.38,25.91,27987.38,25.91,27987.38,25.91,27987.38,25.91,27987.38,25.91,27987.38,25.91,27987.38,25.91,27987.38,25.91,27987.38,0,28013.29,0,28013.29,0,28013.29,0,28013.29,0,28013.29,0,28013.29,0,28013.29,0,28013.29,0,28013.29,0,28013.29,0,28013.29,0,28013.29,0,28013.29,0,28013.29,0,28013.29,0,28013.29,0,28013.29,0,28013.29,0,28013.29,0,28013.29,0,28013.29,0,28013.29,0,28013.29,0,28013.29,0,28013.29,0,28013.29,0,28013.29,0,28013.29
"Q3.2004",27835.97,117.1,26280.44,1672.63,25664.27,2288.8,24904.83,3048.24,24747.34,3205.73,24113.26,3839.81,24034.36,3918.71,23283.82,4669.25,23277.68,4675.39,23263.09,4689.98,22916.34,5036.73,22904.71,5048.36,22904.71,5048.36,22694.73,5258.34,22694.73,5258.34,22682.29,5270.78,22682.29,5270.78,22682.29,5270.78,22678.65,5274.42,22678.65,5274.42,22425.52,5527.55,21658.3,6294.77,21274.62,6678.45,20987.79,6965.28,20730.04,7223.03,20730.04,7223.03,20730.04,7223.03,19310.95,8642.12,19310.95,8642.12,19310.95,8642.12,19306.48,8646.59,19306.48,8646.59,19306.48,8646.59,19306.48,8646.59,19278.14,8674.93,18437.3,9515.77,18329.71,9623.36,18329.71,9623.36,18329.71,9623.36,18329.71,9623.36,18329.71,9623.36,18329.71,9623.36,18329.71,9623.36,18329.71,9623.36,18329.71,9623.36,18329.71,9623.36,18329.71,9623.36,18329.71,9623.36,14896.47,13056.6,14896.47,13056.6,14119.01,13834.06,14119.01,13834.06,14119.01,13834.06,14119.01,13834.06,11667.17,16285.9,8643.16,19309.91,8643.16,19309.91,8643.16,19309.91,8160.94,19792.13,8160.94,19792.13,25.91,27927.16,25.91,27927.16,25.91,27927.16,25.91,27927.16,25.91,27927.16,25.91,27927.16,25.91,27927.16,25.91,27927.16,25.91,27927.16,25.91,27927.16,25.91,27927.16,25.91,27927.16,25.91,27927.16,0,27953.07,0,27953.07,0,27953.07,0,27953.07,0,27953.07,0,27953.07,0,27953.07,0,27953.07,0,27953.07,0,27953.07,0,27953.07,0,27953.07,0,27953.07,0,27953.07,0,27953.07,0,27953.07,0,27953.07,0,27953.07,0,27953.07,0,27953.07,0,27953.07,0,27953.07,0,27953.07,0,27953.07,0,27953.07,0,27953.07,0,27953.07
"Q4.2004",27665.57,117.7,26105.12,1678.15,25404.68,2378.59,24699.41,3083.86,24175.17,3608.1,23904.83,3878.44,23645.53,4137.74,23180.72,4602.55,23051.22,4732.05,22930.84,4852.43,22739.2,5044.07,22536.32,5246.95,22526.01,5257.26,22526.01,5257.26,22526.01,5257.26,22513.57,5269.7,22513.57,5269.7,22513.57,5269.7,22509.93,5273.34,22288.51,5494.76,22288.51,5494.76,21931.13,5852.14,21164.26,6619.01,21164.26,6619.01,21164.26,6619.01,19239.09,8544.18,19239.09,8544.18,19239.09,8544.18,19239.09,8544.18,19239.09,8544.18,19239.09,8544.18,19210.75,8572.52,19210.75,8572.52,19210.75,8572.52,19210.75,8572.52,18903.26,8880.01,18903.26,8880.01,18379.92,9403.35,18379.92,9403.35,18379.92,9403.35,18379.92,9403.35,18379.92,9403.35,18379.92,9403.35,18379.92,9403.35,18379.92,9403.35,18379.92,9403.35,18379.92,9403.35,18379.92,9403.35,18379.92,9403.35,14946.68,12836.59,14169.22,13614.05,14169.22,13614.05,14169.22,13614.05,14169.22,13614.05,11183.93,16599.34,8162.09,19621.18,8162.09,19621.18,8162.09,19621.18,8162.09,19621.18,25.91,27757.36,25.91,27757.36,25.91,27757.36,25.91,27757.36,25.91,27757.36,25.91,27757.36,25.91,27757.36,0,27783.27,0,27783.27,0,27783.27,0,27783.27,0,27783.27,0,27783.27,0,27783.27,0,27783.27,0,27783.27,0,27783.27,0,27783.27,0,27783.27,0,27783.27,0,27783.27,0,27783.27,0,27783.27,0,27783.27,0,27783.27,0,27783.27,0,27783.27,0,27783.27,0,27783.27,0,27783.27,0,27783.27,0,27783.27,0,27783.27,0,27783.27,0,27783.27,0,27783.27,0,27783.27,0,27783.27,0,27783.27,0,27783.27,0,27783.27
"Q1.2005",27477.98,116.72,25758.41,1836.29,25038.07,2556.63,23861.41,3733.29,23859.45,3735.25,23538.82,4055.88,23004.61,4590.09,22930.6,4664.1,22744.5,4850.2,22571.86,5022.84,22442.5,5152.2,22356.34,5238.36,22356.34,5238.36,22356.34,5238.36,22356.34,5238.36,22343.9,5250.8,22147.57,5447.13,22147.57,5447.13,22147.57,5447.13,21790.19,5804.51,21786.71,5807.99,21786.71,5807.99,21015.31,6579.39,21015.31,6579.39,19725.22,7869.48,19725.22,7869.48,19441.17,8153.53,19441.17,8153.53,19154.34,8440.36,19154.34,8440.36,19154.34,8440.36,19154.34,8440.36,19154.34,8440.36,19126,8468.7,18818.51,8776.19,18818.51,8776.19,18818.51,8776.19,18818.51,8776.19,18818.51,8776.19,18818.51,8776.19,18818.51,8776.19,18295.17,9299.53,18295.17,9299.53,18295.17,9299.53,18295.17,9299.53,18295.17,9299.53,18295.17,9299.53,18295.17,9299.53,17572.74,10021.96,14139.5,13455.2,14139.5,13455.2,14139.5,13455.2,14139.5,13455.2,14139.5,13455.2,11181.33,16413.37,8729.49,18865.21,8729.49,18865.21,8729.49,18865.21,8267.2,19327.5,8267.2,19327.5,8267.2,19327.5,8267.2,19327.5,133.68,27461.02,133.68,27461.02,25.91,27568.79,25.91,27568.79,0,27594.7,0,27594.7,0,27594.7,0,27594.7,0,27594.7,0,27594.7,0,27594.7,0,27594.7,0,27594.7,0,27594.7,0,27594.7,0,27594.7,0,27594.7,0,27594.7,0,27594.7,0,27594.7,0,27594.7,0,27594.7,0,27594.7,0,27594.7,0,27594.7,0,27594.7,0,27594.7,0,27594.7,0,27594.7,0,27594.7,0,27594.7,0,27594.7,0,27594.7,0,27594.7,0,27594.7,0,27594.7,0,27594.7,0,27594.7
"Q2.2005",27304.44,126.51,25615.33,1815.62,24909.77,2521.18,23687.68,3743.27,23504.34,3926.61,23414.22,4016.73,23168.72,4262.23,22755.55,4675.4,22634.86,4796.09,22510.91,4920.04,22278.31,5152.64,22196.24,5234.71,22189.04,5241.91,22189.04,5241.91,22004.21,5426.74,21991.77,5439.18,21991.77,5439.18,21634.39,5796.56,21634.39,5796.56,21634.39,5796.56,21634.39,5796.56,20909.99,6520.96,20909.99,6520.96,20883.69,6547.26,20879.33,6551.62,20879.33,6551.62,20879.33,6551.62,20592.5,6838.45,20334.81,7096.14,20334.81,7096.14,20306.47,7124.48,20306.47,7124.48,20306.47,7124.48,19016.38,8414.57,19016.38,8414.57,19016.38,8414.57,19016.38,8414.57,18708.89,8722.06,18708.89,8722.06,18708.89,8722.06,18708.89,8722.06,18708.89,8722.06,18205.55,9225.4,18205.55,9225.4,18205.55,9225.4,18205.55,9225.4,18205.55,9225.4,18205.55,9225.4,18205.55,9225.4,17483.12,9947.83,14054.86,13376.09,14054.86,13376.09,14054.86,13376.09,14054.86,13376.09,13617.64,13813.31,10719.04,16711.91,8267.2,19163.75,8267.2,19163.75,8267.2,19163.75,8267.2,19163.75,8267.2,19163.75,8267.2,19163.75,8267.2,19163.75,133.71,27297.24,133.71,27297.24,133.71,27297.24,107.8,27323.15,107.8,27323.15,107.8,27323.15,0,27430.95,0,27430.95,0,27430.95,0,27430.95,0,27430.95,0,27430.95,0,27430.95,0,27430.95,0,27430.95,0,27430.95,0,27430.95,0,27430.95,0,27430.95,0,27430.95,0,27430.95,0,27430.95,0,27430.95,0,27430.95,0,27430.95,0,27430.95,0,27430.95,0,27430.95,0,27430.95,0,27430.95,0,27430.95,0,27430.95,0,27430.95,0,27430.95,0,27430.95,0,27430.95,0,27430.95
"Q3.2005",27235.07,126.17,25563.5,1797.74,24919.13,2442.11,23718.93,3642.31,23435.9,3925.34,23201.96,4159.28,23110.42,4250.82,22649.09,4712.15,22567.54,4793.7,22442.34,4918.9,22202.45,5158.79,22121.19,5240.05,22110.88,5250.36,21940.27,5420.97,21940.27,5420.97,21940.27,5420.97,21927.83,5433.41,21570.76,5790.48,21570.76,5790.48,21570.76,5790.48,21544.46,5816.78,21544.46,5816.78,20824.59,6536.65,20824.59,6536.65,20820.06,6541.18,20815.08,6546.16,20815.08,6546.16,20587.4,6773.84,20559.06,6802.18,20272.23,7089.01,20272.23,7089.01,20272.23,7089.01,20272.23,7089.01,20272.23,7089.01,18982.14,8379.1,18982.14,8379.1,18982.14,8379.1,18982.14,8379.1,18982.14,8379.1,18679.66,8681.58,18679.66,8681.58,18679.66,8681.58,18679.66,8681.58,18679.66,8681.58,18186.27,9174.97,18186.27,9174.97,18186.27,9174.97,18186.27,9174.97,18186.27,9174.97,18186.27,9174.97,18186.27,9174.97,18186.27,9174.97,14758.48,12602.76,14758.48,12602.76,14036.05,13325.19,14036.05,13325.19,14036.05,13325.19,14036.05,13325.19,10719.14,16642.1,8267.3,19093.94,8267.3,19093.94,8267.3,19093.94,8267.3,19093.94,8267.3,19093.94,8267.3,19093.94,8267.3,19093.94,8267.3,19093.94,133.84,27227.4,107.93,27253.31,0,27361.24,0,27361.24,0,27361.24,0,27361.24,0,27361.24,0,27361.24,0,27361.24,0,27361.24,0,27361.24,0,27361.24,0,27361.24,0,27361.24,0,27361.24,0,27361.24,0,27361.24,0,27361.24,0,27361.24,0,27361.24,0,27361.24,0,27361.24,0,27361.24,0,27361.24,0,27361.24,0,27361.24,0,27361.24,0,27361.24,0,27361.24,0,27361.24,0,27361.24,0,27361.24,0,27361.24
"Q4.2005",27079.83,121.85,25408.32,1793.36,24725,2476.68,23903.08,3298.6,23266.34,3935.34,23024.66,4177.02,23024.66,4177.02,22811.65,4390.03,22457.58,4744.1,22268.3,4933.38,22261.58,4940.1,22092.2,5109.48,22013.24,5188.44,21789.47,5412.21,21789.47,5412.21,21773.92,5427.76,21773.92,5427.76,21761.48,5440.2,21761.48,5440.2,21404.73,5796.95,21378.43,5823.25,21378.43,5823.25,21378.43,5823.25,21378.43,5823.25,20654.03,6547.65,20625.69,6575.99,20625.69,6575.99,20625.69,6575.99,20338.86,6862.82,20338.86,6862.82,20338.86,6862.82,20111.18,7090.5,20111.18,7090.5,20111.18,7090.5,20111.18,7090.5,20111.18,7090.5,18821.09,8380.59,18821.09,8380.59,18821.09,8380.59,18821.09,8380.59,18821.09,8380.59,18821.09,8380.59,18518.61,8683.07,18060.86,9140.82,18060.86,9140.82,18060.86,9140.82,18060.86,9140.82,18060.86,9140.82,18060.86,9140.82,18060.86,9140.82,18060.86,9140.82,18060.86,9140.82,18060.86,9140.82,18060.86,9140.82,18060.86,9140.82,14633.07,12568.61,13938.13,13263.55,13938.13,13263.55,13938.13,13263.55,13938.13,13263.55,13938.13,13263.55,11486.29,15715.39,8660.5,18541.18,8660.5,18541.18,8660.5,18541.18,8660.5,18541.18,8243.03,18958.65,8243.03,18958.65,8243.03,18958.65,8243.03,18958.65,8243.03,18958.65,107.96,27093.72,107.96,27093.72,107.96,27093.72,107.96,27093.72,107.96,27093.72,107.96,27093.72,0,27201.68,0,27201.68,0,27201.68,0,27201.68,0,27201.68,0,27201.68,0,27201.68,0,27201.68,0,27201.68,0,27201.68,0,27201.68,0,27201.68,0,27201.68,0,27201.68,0,27201.68,0,27201.68,0,27201.68,0,27201.68,0,27201.68,0,27201.68,0,27201.68,0,27201.68,0,27201.68
"Q1.2006",27046.26,83.89,25339.61,1790.54,24746.2,2383.95,24100.86,3029.29,23195.09,3935.06,23187.36,3942.79,22953.42,4176.73,22950.84,4179.31,22782.83,4347.32,22433.15,4697,22246.22,4883.93,22179.68,4950.47,21930.05,5200.1,21724.27,5405.88,21724.27,5405.88,21724.27,5405.88,21721.16,5408.99,21706.42,5423.73,21693.98,5436.17,21693.98,5436.17,21667.71,5462.44,21310.96,5819.19,21310.96,5819.19,21310.96,5819.19,21310.96,5819.19,21306.43,5823.72,21278.09,5852.06,20558.22,6571.93,20558.22,6571.93,20558.22,6571.93,20558.22,6571.93,20271.39,6858.76,20043.71,7086.44,20043.71,7086.44,20043.71,7086.44,20043.71,7086.44,20043.71,7086.44,20043.71,7086.44,20043.71,7086.44,20043.71,7086.44,18753.62,8376.53,18753.62,8376.53,18456.62,8673.53,18456.62,8673.53,18456.62,8673.53,18456.62,8673.53,17998.87,9131.28,17998.87,9131.28,17998.87,9131.28,17998.87,9131.28,17998.87,9131.28,17998.87,9131.28,17998.87,9131.28,17998.87,9131.28,17998.87,9131.28,17998.87,9131.28,17998.87,9131.28,17998.87,9131.28,17342.16,9787.99,13914.37,13215.78,13914.37,13215.78,13914.37,13215.78,13914.37,13215.78,13914.37,13215.78,8660.41,18469.74,8660.41,18469.74,8660.41,18469.74,8660.41,18469.74,8660.41,18469.74,8660.41,18469.74,8660.41,18469.74,8660.41,18469.74,8660.41,18469.74,525.43,26604.72,525.43,26604.72,525.43,26604.72,417.44,26712.71,0,27130.15,0,27130.15,0,27130.15,0,27130.15,0,27130.15,0,27130.15,0,27130.15,0,27130.15,0,27130.15,0,27130.15,0,27130.15,0,27130.15,0,27130.15,0,27130.15,0,27130.15,0,27130.15,0,27130.15,0,27130.15,0,27130.15,0,27130.15,0,27130.15,0,27130.15,0,27130.15
"Q2.2006",26936.47,90.37,25236.47,1790.37,24681.59,2345.25,24035.27,2991.57,23089,3937.84,22930.36,4096.48,22847.47,4179.37,22798.32,4228.52,22625.02,4401.82,22277.26,4749.58,22087.92,4938.92,22082.45,4944.39,21919.15,5107.69,21636.25,5390.59,21636.25,5390.59,21626.92,5399.92,21624.62,5402.22,21621.51,5405.33,21621.51,5405.33,21609.07,5417.77,21609.07,5417.77,21609.07,5417.77,21197.71,5829.13,21197.71,5829.13,21197.71,5829.13,21197.71,5829.13,20530.31,6496.53,20530.31,6496.53,20530.31,6496.53,20530.31,6496.53,20243.48,6783.36,20243.48,6783.36,20243.48,6783.36,20243.48,6783.36,20015.8,7011.04,20015.8,7011.04,20015.8,7011.04,20015.8,7011.04,20015.8,7011.04,20015.8,7011.04,20015.8,7011.04,18432.94,8593.9,18432.94,8593.9,18432.94,8593.9,18432.94,8593.9,18423.01,8603.83,18423.01,8603.83,18423.01,8603.83,17965.26,9061.58,17965.26,9061.58,17965.26,9061.58,17965.26,9061.58,17965.26,9061.58,17965.26,9061.58,17965.26,9061.58,17965.26,9061.58,17310.32,9716.52,17310.32,9716.52,17310.32,9716.52,17310.32,9716.52,13886.82,13140.02,13886.82,13140.02,11110.76,15916.08,11110.76,15916.08,11110.76,15916.08,8658.92,18367.92,8658.92,18367.92,8658.92,18367.92,8658.92,18367.92,8658.92,18367.92,8658.92,18367.92,8658.92,18367.92,8658.92,18367.92,525.46,26501.38,417.41,26609.43,417.41,26609.43,417.41,26609.43,417.41,26609.43,417.41,26609.43,417.41,26609.43,417.41,26609.43,417.41,26609.43,417.41,26609.43,0,27026.84,0,27026.84,0,27026.84,0,27026.84,0,27026.84,0,27026.84,0,27026.84,0,27026.84,0,27026.84,0,27026.84,0,27026.84,0,27026.84,0,27026.84,0,27026.84,0,27026.84,0,27026.84,0,27026.84
"Q3.2006",26771.2,145.12,25119.4,1796.92,24138.33,2777.99,23769.84,3146.48,22890.16,4026.16,22837.61,4078.71,22752.17,4164.15,22600.91,4315.41,22541.1,4375.22,22061.55,4854.77,21995.13,4921.19,21987.93,4928.39,21551.56,5364.76,21550.3,5366.02,21550.3,5366.02,21537.86,5378.46,21537.86,5378.46,21509.26,5407.06,21468.48,5447.84,21468.48,5447.84,21111.73,5804.59,21111.73,5804.59,21111.73,5804.59,21111.73,5804.59,20448.86,6467.46,20441.78,6474.54,20441.78,6474.54,20441.78,6474.54,20154.95,6761.37,20154.95,6761.37,20148.42,6767.9,20148.42,6767.9,20148.42,6767.9,19920.74,6995.58,19920.74,6995.58,19920.74,6995.58,19920.74,6995.58,19920.74,6995.58,19920.74,6995.58,19920.74,6995.58,18630.65,8285.67,18630.65,8285.67,18630.65,8285.67,17910.98,9005.34,17910.98,9005.34,17910.98,9005.34,17910.98,9005.34,17910.98,9005.34,17910.98,9005.34,17910.98,9005.34,17910.98,9005.34,17910.98,9005.34,17910.98,9005.34,17910.98,9005.34,17910.98,9005.34,17256.04,9660.28,17256.04,9660.28,17256.04,9660.28,14498.46,12417.86,14498.46,12417.86,11075.95,15840.37,11075.95,15840.37,11075.95,15840.37,11075.95,15840.37,8624.11,18292.21,8624.11,18292.21,8624.11,18292.21,8624.11,18292.21,8624.11,18292.21,8624.11,18292.21,8624.11,18292.21,8624.11,18292.21,8624.11,18292.21,490.65,26425.67,382.57,26533.75,382.57,26533.75,382.57,26533.75,382.57,26533.75,382.57,26533.75,0,26916.32,0,26916.32,0,26916.32,0,26916.32,0,26916.32,0,26916.32,0,26916.32,0,26916.32,0,26916.32,0,26916.32,0,26916.32,0,26916.32,0,26916.32,0,26916.32,0,26916.32,0,26916.32,0,26916.32,0,26916.32,0,26916.32,0,26916.32,0,26916.32
"Q4.2006",26705.75,143.4,25046.17,1802.98,24427.69,2421.46,23662.99,3186.16,22800.91,4048.24,22689.83,4159.32,22647.47,4201.68,22452.66,4396.49,22416.18,4432.97,21980.76,4868.39,21908.25,4940.9,21670.79,5178.36,21527.06,5322.09,21471.05,5378.1,21471.05,5378.1,21467.94,5381.21,21467.94,5381.21,21424.86,5424.29,21418.19,5430.96,21061.12,5788.03,21061.12,5788.03,21061.12,5788.03,21045.57,5803.58,21045.57,5803.58,20405.71,6443.44,20405.71,6443.44,20379.44,6469.71,20379.44,6469.71,20372.91,6476.24,20372.91,6476.24,20086.08,6763.07,20086.08,6763.07,20086.08,6763.07,20086.08,6763.07,19858.4,6990.75,19858.4,6990.75,19858.4,6990.75,19858.4,6990.75,19858.4,6990.75,19858.4,6990.75,18568.31,8280.84,18568.31,8280.84,18568.31,8280.84,18151.56,8697.59,18151.56,8697.59,17862.83,8986.32,17862.83,8986.32,17862.83,8986.32,17862.83,8986.32,17862.83,8986.32,17862.83,8986.32,17862.83,8986.32,17862.83,8986.32,17862.83,8986.32,17221.89,9627.26,17221.89,9627.26,14502.13,12347.02,14502.13,12347.02,14502.13,12347.02,14502.13,12347.02,14502.13,12347.02,14502.13,12347.02,11079.62,15769.53,11079.62,15769.53,11079.62,15769.53,8627.78,18221.37,8627.78,18221.37,8627.78,18221.37,8627.78,18221.37,8627.78,18221.37,8627.78,18221.37,8627.78,18221.37,8627.78,18221.37,8627.78,18221.37,8627.78,18221.37,494.32,26354.83,494.32,26354.83,494.32,26354.83,111.75,26737.4,111.75,26737.4,0,26849.15,0,26849.15,0,26849.15,0,26849.15,0,26849.15,0,26849.15,0,26849.15,0,26849.15,0,26849.15,0,26849.15,0,26849.15,0,26849.15,0,26849.15,0,26849.15,0,26849.15,0,26849.15,0,26849.15,0,26849.15,0,26849.15,0,26849.15
"Q1.2007",26031.59,744.36,24990.52,1785.43,24360.7,2415.25,23229.89,3546.06,22704.91,4071.04,22701.37,4074.58,22533.52,4242.43,22296.05,4479.9,22258.46,4517.49,21935.46,4840.49,21746.05,5029.9,21589.85,5186.1,21449.06,5326.89,21443.59,5332.36,21394.45,5381.5,21394.45,5381.5,21363,5412.95,21350.56,5425.39,21335.02,5440.93,21335.02,5440.93,21335.02,5440.93,21335.02,5440.93,21335.02,5440.93,21335.02,5440.93,20978.27,5797.68,20310.29,6465.66,20303.76,6472.19,20303.76,6472.19,20303.76,6472.19,20303.76,6472.19,20303.76,6472.19,20016.93,6759.02,20016.93,6759.02,20016.93,6759.02,20016.93,6759.02,19789.29,6986.66,19789.29,6986.66,19789.29,6986.66,19789.29,6986.66,19789.29,6986.66,19789.29,6986.66,18499.2,8276.75,18122.26,8653.69,18122.26,8653.69,17833.53,8942.42,17833.53,8942.42,17832.17,8943.78,17832.17,8943.78,17832.17,8943.78,17832.17,8943.78,17832.17,8943.78,17832.17,8943.78,17832.17,8943.78,17832.17,8943.78,17832.17,8943.78,17832.17,8943.78,14502.32,12273.63,14502.32,12273.63,14502.32,12273.63,14502.32,12273.63,14502.32,12273.63,14502.32,12273.63,14502.32,12273.63,11079.81,15696.14,11079.81,15696.14,8627.97,18147.98,8627.97,18147.98,8627.97,18147.98,8627.97,18147.98,8627.97,18147.98,8627.97,18147.98,8627.97,18147.98,8627.97,18147.98,8627.97,18147.98,8627.97,18147.98,494.51,26281.44,494.51,26281.44,494.51,26281.44,494.51,26281.44,111.94,26664.01,0,26775.95,0,26775.95,0,26775.95,0,26775.95,0,26775.95,0,26775.95,0,26775.95,0,26775.95,0,26775.95,0,26775.95,0,26775.95,0,26775.95,0,26775.95,0,26775.95,0,26775.95,0,26775.95,0,26775.95,0,26775.95,0,26775.95,0,26775.95
"Q2.2007",25893.65,744.02,24840.04,1797.63,24088.01,2549.66,22816.82,3820.85,22559.39,4078.28,22452.72,4184.95,22231.17,4406.5,22107.81,4529.86,21723.49,4914.18,21599.36,5038.31,21441.06,5196.61,21300.92,5336.75,21287.19,5350.48,21281.59,5356.08,21232.45,5405.22,21188.56,5449.11,21188.56,5449.11,21162.29,5475.38,21159.99,5477.68,21159.99,5477.68,21159.99,5477.68,21159.99,5477.68,21153.46,5484.21,20548.76,6088.91,20548.76,6088.91,20548.76,6088.91,20548.76,6088.91,20548.76,6088.91,20548.76,6088.91,20548.76,6088.91,20192.01,6445.66,19905.18,6732.49,19905.18,6732.49,19905.18,6732.49,19905.18,6732.49,19677.54,6960.13,19371.05,7266.62,19371.05,7266.62,19371.05,7266.62,19371.05,7266.62,19371.05,7266.62,18094.86,8542.81,18094.86,8542.81,17810.11,8827.56,17810.11,8827.56,17810.11,8827.56,17810.11,8827.56,17810.11,8827.56,17810.11,8827.56,17810.11,8827.56,17810.11,8827.56,17810.11,8827.56,17810.11,8827.56,17810.11,8827.56,17810.11,8827.56,17810.11,8827.56,15143.01,11494.66,14502.07,12135.6,14502.07,12135.6,14500.55,12137.12,14500.55,12137.12,14500.55,12137.12,11079.97,15557.7,8628.13,18009.54,8628.13,18009.54,8628.13,18009.54,8628.13,18009.54,8628.13,18009.54,8628.13,18009.54,8628.13,18009.54,8628.13,18009.54,8628.13,18009.54,8628.13,18009.54,8628.13,18009.54,8628.13,18009.54,494.67,26143,494.67,26143,494.67,26143,494.67,26143,494.67,26143,494.67,26143,112.1,26525.57,0,26637.67,0,26637.67,0,26637.67,0,26637.67,0,26637.67,0,26637.67,0,26637.67,0,26637.67,0,26637.67,0,26637.67,0,26637.67,0,26637.67,0,26637.67,0,26637.67,0,26637.67,0,26637.67,0,26637.67,0,26637.67
"Q3.2007",25751.11,724.64,24663.05,1812.7,24055.19,2420.56,22819.02,3656.73,22374.79,4100.96,22239.08,4236.67,22116.78,4358.97,22108.47,4367.28,22001.51,4474.24,21606.21,4869.54,21295.95,5179.8,21136.51,5339.24,21130.73,5345.02,21130.73,5345.02,21047.78,5427.97,21047.78,5427.97,21035.34,5440.41,21009.07,5466.68,21003.66,5472.09,21003.66,5472.09,21003.66,5472.09,21003.66,5472.09,21003.66,5472.09,21003.66,5472.09,20997.13,5478.62,20392.43,6083.32,20392.43,6083.32,20392.43,6083.32,20035.68,6440.07,20035.68,6440.07,20035.68,6440.07,20035.68,6440.07,20035.68,6440.07,19748.85,6726.9,19748.85,6726.9,19521.21,6954.54,19521.21,6954.54,19239.6,7236.15,19239.6,7236.15,18062.43,8413.32,18062.43,8413.32,17782.44,8693.31,17782.44,8693.31,17782.44,8693.31,17782.44,8693.31,17782.44,8693.31,17782.44,8693.31,17782.44,8693.31,17782.44,8693.31,17782.44,8693.31,17780.9,8694.85,17780.9,8694.85,17780.9,8694.85,17780.9,8694.85,17780.9,8694.85,17780.9,8694.85,15138.37,11337.38,15138.37,11337.38,15138.37,11337.38,14497.43,11978.32,14497.43,11978.32,14497.43,11978.32,14497.43,11978.32,14497.43,11978.32,11080.06,15395.69,11080.06,15395.69,8628.22,17847.53,8628.22,17847.53,8628.22,17847.53,8628.22,17847.53,8628.22,17847.53,8628.22,17847.53,8628.22,17847.53,8628.22,17847.53,8628.22,17847.53,8628.22,17847.53,494.76,25980.99,494.76,25980.99,494.76,25980.99,382.57,26093.18,382.57,26093.18,382.57,26093.18,382.57,26093.18,382.57,26093.18,382.57,26093.18,382.57,26093.18,382.57,26093.18,382.57,26093.18,0,26475.75,0,26475.75,0,26475.75,0,26475.75,0,26475.75,0,26475.75,0,26475.75,0,26475.75,0,26475.75,0,26475.75,0,26475.75,0,26475.75
"Q4.2007",25655.17,724.55,25479.56,900.16,23987.1,2392.62,22818.96,3560.76,22399.85,3979.87,22297.57,4082.15,22182.17,4197.55,21988.67,4391.05,21943.7,4436.02,21943.7,4436.02,21298.87,5080.85,21154.48,5225.24,21005.68,5374.04,21005.68,5374.04,20977.34,5402.38,20910.29,5469.43,20910.29,5469.43,20910.29,5469.43,20907.18,5472.54,20873.45,5506.27,20873.45,5506.27,20873.45,5506.27,20873.45,5506.27,20873.45,5506.27,20866.92,5512.8,20304.21,6075.51,20304.21,6075.51,20304.21,6075.51,19947.46,6432.26,19947.46,6432.26,19945.16,6434.56,19945.16,6434.56,19945.16,6434.56,19945.16,6434.56,19945.16,6434.56,19945.16,6434.56,19717.55,6662.17,19430.72,6949,19430.72,6949,19149.11,7230.61,18003.91,8375.81,17723.92,8655.8,17723.92,8655.8,17723.92,8655.8,17723.92,8655.8,17723.92,8655.8,17723.92,8655.8,17723.92,8655.8,17723.92,8655.8,17723.92,8655.8,17723.92,8655.8,17723.92,8655.8,17722.24,8657.48,17722.24,8657.48,17722.24,8657.48,17722.24,8657.48,17722.24,8657.48,17722.24,8657.48,17722.24,8657.48,17722.24,8657.48,15119.18,11260.54,14497.74,11881.98,14497.74,11881.98,14497.74,11881.98,14497.74,11881.98,14497.74,11881.98,14497.74,11881.98,11080.37,15299.35,11080.37,15299.35,8628.53,17751.19,8628.53,17751.19,8628.53,17751.19,8628.53,17751.19,8628.53,17751.19,8628.53,17751.19,8628.53,17751.19,8628.53,17751.19,8628.53,17751.19,495.07,25884.65,495.07,25884.65,495.07,25884.65,495.07,25884.65,382.54,25997.18,382.54,25997.18,382.54,25997.18,382.54,25997.18,382.54,25997.18,382.54,25997.18,382.54,25997.18,0,26379.72,0,26379.72,0,26379.72,0,26379.72,0,26379.72,0,26379.72,0,26379.72,0,26379.72,0,26379.72,0,26379.72,0,26379.72
"Q1.2008",26379.17,123.78,25753.91,749.04,23911.56,2591.39,23107.03,3395.92,22386.24,4116.71,22274.34,4228.61,22142.2,4360.75,21955.45,4547.5,21947.02,4555.93,21900.99,4601.96,21570.94,4932.01,21242.53,5260.42,21163.57,5339.38,20988.63,5514.32,20923.2,5579.75,20905.56,5597.39,20856.42,5646.53,20853.31,5649.64,20821.04,5681.91,20821.04,5681.91,20821.04,5681.91,20821.04,5681.91,20821.04,5681.91,20821.04,5681.91,20821.04,5681.91,20257.43,6245.52,20249.36,6253.59,20249.36,6253.59,20249.36,6253.59,20249.36,6253.59,20235.49,6267.46,20235.49,6267.46,20235.49,6267.46,20235.49,6267.46,19878.74,6624.21,19878.74,6624.21,19878.74,6624.21,19878.74,6624.21,19364.33,7138.62,19364.33,7138.62,19364.33,7138.62,17969.52,8533.43,17969.52,8533.43,17689.53,8813.42,17689.53,8813.42,17689.53,8813.42,17689.53,8813.42,17689.53,8813.42,17689.53,8813.42,17689.53,8813.42,17689.53,8813.42,17689.53,8813.42,17689.53,8813.42,17689.53,8813.42,17689.53,8813.42,17689.53,8813.42,17689.53,8813.42,17687.78,8815.17,17687.78,8815.17,17687.78,8815.17,15119.43,11383.52,14497.99,12004.96,14497.99,12004.96,14497.99,12004.96,14497.99,12004.96,14497.99,12004.96,14497.99,12004.96,14497.99,12004.96,11080.62,15422.33,11080.62,15422.33,11080.62,15422.33,8628.78,17874.17,8628.78,17874.17,8628.78,17874.17,8628.78,17874.17,8628.78,17874.17,8628.78,17874.17,8628.78,17874.17,495.32,26007.63,495.32,26007.63,495.32,26007.63,495.32,26007.63,495.32,26007.63,495.32,26007.63,495.32,26007.63,495.32,26007.63,495.32,26007.63,112.78,26390.17,112.78,26390.17,0,26502.95,0,26502.95,0,26502.95,0,26502.95,0,26502.95,0,26502.95,0,26502.95,0,26502.95,0,26502.95,0,26502.95,0,26502.95
"Q2.2008",25723.35,723.67,25698.47,748.55,23815.4,2631.62,23045.52,3401.5,22325.22,4121.8,22159.01,4288.01,22000.98,4446.04,21896.92,4550.1,21878.36,4568.66,21758.36,4688.66,21500.94,4946.08,21461.59,4985.43,21121.08,5325.94,20977.08,5469.94,20885.68,5561.34,20885.68,5561.34,20885.68,5561.34,20768,5679.02,20762,5685.02,20762,5685.02,20762,5685.02,20762,5685.02,20762,5685.02,20762,5685.02,20762,5685.02,20762,5685.02,20190.32,6256.7,20190.32,6256.7,20190.32,6256.7,20190.32,6256.7,20190.32,6256.7,19833.57,6613.45,19819.7,6627.32,19819.7,6627.32,19819.7,6627.32,19532.87,6914.15,19532.87,6914.15,19532.87,6914.15,19532.87,6914.15,19531.02,6916,18226.24,8220.78,18226.24,8220.78,17944.63,8502.39,17664.64,8782.38,17664.64,8782.38,17664.64,8782.38,17664.64,8782.38,17664.64,8782.38,17664.64,8782.38,17664.64,8782.38,17664.64,8782.38,17664.64,8782.38,17664.64,8782.38,17664.64,8782.38,17664.64,8782.38,17664.64,8782.38,17664.64,8782.38,17664.64,8782.38,17664.64,8782.38,17664.64,8782.38,17664.64,8782.38,17664.64,8782.38,14493.85,11953.17,14493.85,11953.17,14493.85,11953.17,14493.85,11953.17,14493.85,11953.17,14493.85,11953.17,11080.74,15366.28,8628.9,17818.12,8628.9,17818.12,8628.9,17818.12,8628.9,17818.12,8628.9,17818.12,8628.9,17818.12,8628.9,17818.12,8628.9,17818.12,8628.9,17818.12,495.44,25951.58,495.44,25951.58,495.44,25951.58,495.44,25951.58,495.44,25951.58,495.44,25951.58,495.44,25951.58,495.44,25951.58,495.44,25951.58,112.9,26334.12,112.9,26334.12,0,26447.02,0,26447.02,0,26447.02,0,26447.02,0,26447.02,0,26447.02,0,26447.02,0,26447.02,0,26447.02,0,26447.02,0,26447.02
"Q3.2008",25643.82,746.4,25611.76,778.46,23741.07,2649.15,22784.47,3605.75,22221.08,4169.14,22066.77,4323.45,21991.16,4399.06,21799.12,4591.1,21786.4,4603.82,21664.55,4725.67,21229.28,5160.94,21203.01,5187.21,21190.57,5199.65,20880.31,5509.91,20796.87,5593.35,20793.76,5596.46,20744.62,5645.6,20744.62,5645.6,20738.62,5651.6,20738.62,5651.6,20738.62,5651.6,20738.62,5651.6,20738.62,5651.6,20738.62,5651.6,20139.57,6250.65,20139.57,6250.65,19783.13,6607.09,19772.3,6617.92,19772.3,6617.92,19758.43,6631.79,19471.6,6918.62,19471.6,6918.62,19471.6,6918.62,19471.6,6918.62,19471.6,6918.62,19471.6,6918.62,19471.6,6918.62,19471.6,6918.62,19471.6,6918.62,18431.52,7958.7,18149.91,8240.31,18149.91,8240.31,17922.39,8467.83,17922.39,8467.83,17642.4,8747.82,17642.4,8747.82,17642.4,8747.82,17642.4,8747.82,17642.4,8747.82,17642.4,8747.82,17642.4,8747.82,17642.4,8747.82,17642.4,8747.82,17642.4,8747.82,17642.4,8747.82,17642.4,8747.82,17642.4,8747.82,17642.4,8747.82,17642.4,8747.82,17642.4,8747.82,17020.96,9369.26,17020.96,9369.26,17020.96,9369.26,14493.42,11896.8,14493.42,11896.8,14493.42,11896.8,12041.58,14348.64,12041.58,14348.64,8629,17761.22,8629,17761.22,8629,17761.22,8629,17761.22,8629,17761.22,8629,17761.22,8629,17761.22,8629,17761.22,8629,17761.22,8629,17761.22,8629,17761.22,495.54,25894.68,495.54,25894.68,495.54,25894.68,495.54,25894.68,495.54,25894.68,495.54,25894.68,495.54,25894.68,495.54,25894.68,495.54,25894.68,113,26277.22,113,26277.22,113,26277.22,0,26390.22,0,26390.22,0,26390.22,0,26390.22,0,26390.22,0,26390.22,0,26390.22,0,26390.22,0,26390.22
"Q4.2008",25697.97,690.69,25182.67,1205.99,24268.43,2120.23,22601.48,3787.18,22128.7,4259.96,22078.44,4310.22,21881.67,4506.99,21770.36,4618.3,21763.57,4625.09,21723.89,4664.77,21498.92,4889.74,21266.02,5122.64,21103.72,5284.94,20781.02,5607.64,20777.62,5611.04,20775.35,5613.31,20693.94,5694.72,20693.94,5694.72,20693.94,5694.72,20693.94,5694.72,20628.51,5760.15,20628.51,5760.15,20094.89,6293.77,19738.45,6650.21,19738.45,6650.21,19738.45,6650.21,19738.45,6650.21,19738.45,6650.21,19442.74,6945.92,19442.74,6945.92,19442.74,6945.92,19442.74,6945.92,19442.74,6945.92,19442.74,6945.92,19442.74,6945.92,19442.74,6945.92,19440.61,6948.05,19440.61,6948.05,19145.13,7243.53,18105.03,8283.63,17877.51,8511.15,17877.51,8511.15,17877.51,8511.15,17877.51,8511.15,17877.51,8511.15,17877.51,8511.15,17597.52,8791.14,17597.52,8791.14,17597.52,8791.14,17597.52,8791.14,17597.52,8791.14,17597.52,8791.14,17597.52,8791.14,17597.52,8791.14,17597.52,8791.14,17597.52,8791.14,17597.52,8791.14,17597.52,8791.14,17597.52,8791.14,16985.07,9403.59,16985.07,9403.59,16985.07,9403.59,16985.07,9403.59,16985.07,9403.59,14533.23,11855.43,14533.23,11855.43,14533.23,11855.43,12041.08,14347.58,8628.5,17760.16,8628.5,17760.16,8628.5,17760.16,8628.5,17760.16,8628.5,17760.16,8628.5,17760.16,8628.5,17760.16,8628.5,17760.16,8628.5,17760.16,495.04,25893.62,495.04,25893.62,495.04,25893.62,495.04,25893.62,495.04,25893.62,495.04,25893.62,495.04,25893.62,495.04,25893.62,495.04,25893.62,495.04,25893.62,495.04,25893.62,495.04,25893.62,112.5,26276.16,0,26388.66,0,26388.66,0,26388.66,0,26388.66,0,26388.66,0,26388.66,0,26388.66,0,26388.66,0,26388.66,0,26388.66
"Q1.2009",25665.4,689.62,25602.15,752.87,24264.5,2090.52,23438.93,2916.09,22094.1,4260.92,22076.13,4278.89,22000.52,4354.5,21876.73,4478.29,21765.77,4589.25,21765.77,4589.25,21570.87,4784.15,21240.93,5114.09,21237.82,5117.2,21225.38,5129.64,20772.79,5582.23,20772.79,5582.23,20765.05,5589.97,20715.91,5639.11,20715.91,5639.11,20715.91,5639.11,20650.48,5704.54,20650.48,5704.54,20650.48,5704.54,20087.26,6267.76,20087.26,6267.76,20087.26,6267.76,20087.26,6267.76,19800.43,6554.59,19800.43,6554.59,19800.43,6554.59,19791.55,6563.47,19791.55,6563.47,19791.55,6563.47,19791.55,6563.47,19791.55,6563.47,19791.55,6563.47,19791.55,6563.47,18395.01,7960.01,18395.01,7960.01,18113.4,8241.62,18113.4,8241.62,17885.88,8469.14,17872.01,8483.01,17872.01,8483.01,17872.01,8483.01,17872.01,8483.01,17872.01,8483.01,17872.01,8483.01,17872.01,8483.01,17872.01,8483.01,17872.01,8483.01,17872.01,8483.01,17872.01,8483.01,17872.01,8483.01,17872.01,8483.01,17592.02,8763,17592.02,8763,17592.02,8763,17592.02,8763,17592.02,8763,17592.02,8763,16979.57,9375.45,16979.57,9375.45,16979.57,9375.45,16979.57,9375.45,16979.57,9375.45,14527.73,11827.29,14527.73,11827.29,14527.73,11827.29,14525.52,11829.5,11112.94,15242.08,11112.94,15242.08,11112.94,15242.08,11112.94,15242.08,8660.17,17694.85,8660.17,17694.85,8660.17,17694.85,8660.17,17694.85,526.71,25828.31,494.92,25860.1,494.92,25860.1,494.92,25860.1,494.92,25860.1,494.92,25860.1,494.92,25860.1,494.92,25860.1,494.92,25860.1,494.92,25860.1,494.92,25860.1,494.92,25860.1,112.38,26242.64,112.38,26242.64,0,26355.02,0,26355.02,0,26355.02,0,26355.02,0,26355.02,0,26355.02,0,26355.02,0,26355.02
"Q2.2009",26694.11,92.32,25574.72,1211.71,24197.06,2589.37,22438.54,4347.89,22037.38,4749.05,21949.79,4836.64,21949.79,4836.64,21721.78,5064.65,21716.49,5069.94,21549.01,5237.42,21395.85,5390.58,21158.41,5628.02,21063.81,5722.62,20750.45,6035.98,20741.71,6044.72,20733.44,6052.99,20684.3,6102.13,20603.46,6182.97,20603.46,6182.97,20603.46,6182.97,20603.46,6182.97,20603.46,6182.97,20603.46,6182.97,20102.01,6684.42,20102.01,6684.42,20102.01,6684.42,19815.18,6971.25,19815.18,6971.25,18775.08,8011.35,18748.81,8037.62,18739.93,8046.5,18739.93,8046.5,18739.93,8046.5,18739.93,8046.5,18739.93,8046.5,18383.49,8402.94,18383.49,8402.94,18383.49,8402.94,18383.49,8402.94,18101.88,8684.55,17874.36,8912.07,17860.49,8925.94,17860.49,8925.94,17860.49,8925.94,17860.49,8925.94,17860.49,8925.94,17860.49,8925.94,17860.49,8925.94,17860.49,8925.94,17860.49,8925.94,17860.49,8925.94,17860.49,8925.94,17860.49,8925.94,17860.49,8925.94,17860.49,8925.94,17860.49,8925.94,17860.49,8925.94,17580.5,9205.93,17580.5,9205.93,17580.5,9205.93,17580.5,9205.93,16968.05,9818.38,16968.05,9818.38,16968.05,9818.38,16965.82,9820.61,16965.82,9820.61,14513.98,12272.45,14513.98,12272.45,14513.98,12272.45,11105.69,15680.74,11105.69,15680.74,8660.14,18126.29,8660.14,18126.29,8660.14,18126.29,8660.14,18126.29,8660.14,18126.29,8660.14,18126.29,526.68,26259.75,526.68,26259.75,526.68,26259.75,526.68,26259.75,526.68,26259.75,526.68,26259.75,526.68,26259.75,526.68,26259.75,526.68,26259.75,526.68,26259.75,526.68,26259.75,494.89,26291.54,382.51,26403.92,0,26786.43,0,26786.43,0,26786.43,0,26786.43,0,26786.43,0,26786.43,0,26786.43,0,26786.43,0,26786.43,0,26786.43
"Q3.2009",26723.74,92.95,25512.08,1304.61,24185.41,2631.28,23365.65,3451.04,22014.04,4802.65,21931.61,4885.08,21931.61,4885.08,21710.72,5105.97,21569.48,5247.21,21514.27,5302.42,21361.11,5455.58,20745.85,6070.84,20733.41,6083.28,20733.41,6083.28,20618.84,6197.85,20615.73,6200.96,20615.73,6200.96,20615.73,6200.96,20566.43,6250.26,20566.43,6250.26,20566.43,6250.26,20566.43,6250.26,20566.43,6250.26,20566.43,6250.26,20064.98,6751.71,19778.15,7038.54,19778.15,7038.54,18738.05,8078.64,18738.05,8078.64,18738.05,8078.64,18508.3,8308.39,18499.42,8317.27,18499.42,8317.27,18217.81,8598.88,17861.37,8955.32,17861.37,8955.32,17847.5,8969.19,17847.5,8969.19,17847.5,8969.19,17847.5,8969.19,17847.5,8969.19,17847.5,8969.19,17847.5,8969.19,17847.5,8969.19,17847.5,8969.19,17847.5,8969.19,17847.5,8969.19,17847.5,8969.19,17847.5,8969.19,17847.5,8969.19,16955.06,9861.63,16955.06,9861.63,16955.06,9861.63,16955.06,9861.63,16955.06,9861.63,16955.06,9861.63,16955.06,9861.63,16955.06,9861.63,16955.06,9861.63,16923.27,9893.42,16923.27,9893.42,16923.27,9893.42,14471.43,12345.26,8628.38,18188.31,8628.38,18188.31,8628.38,18188.31,8628.38,18188.31,494.92,26321.77,494.92,26321.77,494.92,26321.77,382.51,26434.18,382.51,26434.18,382.51,26434.18,382.51,26434.18,382.51,26434.18,382.51,26434.18,382.51,26434.18,382.51,26434.18,382.51,26434.18,382.51,26434.18,382.51,26434.18,382.51,26434.18,382.51,26434.18,0,26816.69,0,26816.69,0,26816.69,0,26816.69,0,26816.69,0,26816.69,0,26816.69,0,26816.69,0,26816.69,0,26816.69,0,26816.69,0,26816.69,0,26816.69,0,26816.69,0,26816.69,0,26816.69,0,26816.69
"Q4.2009",27016.31,78.94,25883.75,1211.5,24494.05,2601.2,24080.2,3015.05,23365.18,3730.07,22593.56,4501.69,21955.96,5139.29,21840.46,5254.79,21720.75,5374.5,21548.58,5546.67,21343.29,5751.96,21235.99,5859.26,21080.89,6014.36,20737.11,6358.14,20664.84,6430.41,20661.73,6433.52,20596.3,6498.95,20596.3,6498.95,20596.3,6498.95,20596.3,6498.95,20596.3,6498.95,20596.3,6498.95,20596.3,6498.95,20596.3,6498.95,20570.02,6525.23,19781.74,7313.51,18741.64,8353.61,18741.64,8353.61,18741.64,8353.61,18741.64,8353.61,18741.64,8353.61,18739.34,8355.91,18739.34,8355.91,18502.94,8592.31,18502.94,8592.31,18221.33,8873.92,17860.53,9234.72,17846.66,9248.59,17846.66,9248.59,17846.66,9248.59,17846.66,9248.59,17846.66,9248.59,17846.66,9248.59,17846.66,9248.59,17846.66,9248.59,17846.66,9248.59,17846.66,9248.59,17846.66,9248.59,17846.66,9248.59,17846.66,9248.59,17846.66,9248.59,17846.66,9248.59,17846.66,9248.59,17846.66,9248.59,16954.22,10141.03,16954.22,10141.03,16954.22,10141.03,16954.22,10141.03,16954.22,10141.03,16954.22,10141.03,16954.22,10141.03,16922.43,10172.82,16922.43,10172.82,16922.43,10172.82,14487.02,12608.23,12035.18,15060.07,8628.41,18466.84,8628.41,18466.84,8628.41,18466.84,8628.41,18466.84,494.95,26600.3,382.51,26712.74,382.51,26712.74,382.51,26712.74,382.51,26712.74,382.51,26712.74,382.51,26712.74,382.51,26712.74,382.51,26712.74,382.51,26712.74,382.51,26712.74,382.51,26712.74,382.51,26712.74,382.51,26712.74,0,27095.25,0,27095.25,0,27095.25,0,27095.25,0,27095.25,0,27095.25,0,27095.25,0,27095.25,0,27095.25,0,27095.25,0,27095.25,0,27095.25,0,27095.25,0,27095.25,0,27095.25,0,27095.25
"Q1.2010",27059.14,77.18,25925.37,1210.95,24597.58,2538.74,24174.12,2962.2,23550.5,3585.82,22611.97,4524.35,22608.06,4528.26,21791.13,5345.19,21742.5,5393.82,21534.16,5602.16,21364.59,5771.73,21326.26,5810.06,20759.89,6376.43,20716.01,6420.31,20716.01,6420.31,20599.37,6536.95,20599.37,6536.95,20599.37,6536.95,20599.37,6536.95,20599.37,6536.95,20599.37,6536.95,20599.37,6536.95,19559.27,7577.05,19532.99,7603.33,19246.16,7890.16,18744.71,8391.61,18744.71,8391.61,18744.71,8391.61,18744.71,8391.61,18744.71,8391.61,18742.32,8394,18742.32,8394,18742.32,8394,18514.8,8621.52,18505.92,8630.4,18224.31,8912.01,18224.31,8912.01,18224.31,8912.01,18224.31,8912.01,18224.31,8912.01,18224.31,8912.01,18224.31,8912.01,18210.44,8925.88,18210.44,8925.88,18210.44,8925.88,18210.44,8925.88,17846.53,9289.79,17846.53,9289.79,17846.53,9289.79,17846.53,9289.79,17846.53,9289.79,17846.53,9289.79,17846.53,9289.79,17846.53,9289.79,17234.08,9902.24,16954.09,10182.23,16954.09,10182.23,16954.09,10182.23,16954.09,10182.23,16954.09,10182.23,16954.09,10182.23,16954.09,10182.23,16922.3,10214.02,16922.3,10214.02,14486.89,12649.43,14486.89,12649.43,8628.28,18508.04,8628.28,18508.04,8628.28,18508.04,8628.28,18508.04,8628.28,18508.04,494.82,26641.5,494.82,26641.5,382.51,26753.81,382.51,26753.81,382.51,26753.81,382.51,26753.81,382.51,26753.81,382.51,26753.81,382.51,26753.81,382.51,26753.81,382.51,26753.81,382.51,26753.81,0,27136.32,0,27136.32,0,27136.32,0,27136.32,0,27136.32,0,27136.32,0,27136.32,0,27136.32,0,27136.32,0,27136.32,0,27136.32,0,27136.32,0,27136.32,0,27136.32,0,27136.32,0,27136.32,0,27136.32
"Q2.2010",27096.81,68.52,25977.63,1187.7,24631.68,2533.65,24425.44,2739.89,23587.09,3578.24,23436,3729.33,22607.51,4557.82,22045.85,5119.48,21881.65,5283.68,21652.21,5513.12,21537.66,5627.67,21366.2,5799.13,21338.86,5826.47,20908.87,6256.46,20716.63,6448.7,20713.52,6451.81,19609.03,7556.3,19609.03,7556.3,19609.03,7556.3,19559.89,7605.44,19559.89,7605.44,19559.89,7605.44,19559.89,7605.44,19559.89,7605.44,19559.89,7605.44,19533.61,7631.72,19246.78,7918.55,18745.33,8420,18745.33,8420,18745.33,8420,18745.33,8420,18745.33,8420,18745.33,8420,18745.33,8420,18745.33,8420,18517.81,8647.52,18517.81,8647.52,18236.2,8929.13,18236.2,8929.13,18227.32,8938.01,18227.32,8938.01,18227.32,8938.01,18227.32,8938.01,18227.32,8938.01,18227.32,8938.01,18223.79,8941.54,18223.79,8941.54,18209.92,8955.41,18209.92,8955.41,18209.92,8955.41,17846.01,9319.32,17846.01,9319.32,17846.01,9319.32,17846.01,9319.32,17846.01,9319.32,17846.01,9319.32,17846.01,9319.32,17566.02,9599.31,16953.57,10211.76,16953.57,10211.76,16953.57,10211.76,16953.57,10211.76,16953.57,10211.76,16953.57,10211.76,16921.78,10243.55,16921.78,10243.55,16921.78,10243.55,14469.94,12695.39,8627.76,18537.57,8627.76,18537.57,8627.76,18537.57,8627.76,18537.57,8627.76,18537.57,8627.76,18537.57,494.3,26671.03,494.3,26671.03,494.3,26671.03,494.3,26671.03,382.51,26782.82,382.51,26782.82,382.51,26782.82,382.51,26782.82,382.51,26782.82,0,27165.33,0,27165.33,0,27165.33,0,27165.33,0,27165.33,0,27165.33,0,27165.33,0,27165.33,0,27165.33,0,27165.33,0,27165.33,0,27165.33,0,27165.33,0,27165.33,0,27165.33,0,27165.33,0,27165.33
"Q3.2010",27167.08,69.29,26052.63,1183.74,25014.03,2222.34,24478.98,2757.39,23653.35,3583.02,23365.75,3870.62,22603.26,4633.11,22045.51,5190.86,21786.33,5450.04,21737.7,5498.67,21544.66,5691.71,21348.67,5887.7,21338.68,5897.69,20745.19,6491.18,20732.75,6503.62,20646.14,6590.23,19606.06,7630.31,19602.95,7633.42,19602.95,7633.42,19602.95,7633.42,19553.81,7682.56,19553.81,7682.56,19553.81,7682.56,19553.81,7682.56,19553.81,7682.56,19527.53,7708.84,19524.94,7711.43,18736.66,8499.71,18736.66,8499.71,18736.66,8499.71,18736.66,8499.71,18736.66,8499.71,18736.66,8499.71,18736.66,8499.71,18736.66,8499.71,18509.17,8727.2,18509.17,8727.2,18509.17,8727.2,18227.56,9008.81,18227.56,9008.81,18227.56,9008.81,18227.56,9008.81,18218.68,9017.69,18218.68,9017.69,18218.68,9017.69,18218.68,9017.69,18218.68,9017.69,18218.68,9017.69,18218.68,9017.69,18218.68,9017.69,18204.81,9031.56,17840.9,9395.47,17840.9,9395.47,17840.9,9395.47,17840.9,9395.47,17560.91,9675.46,17560.91,9675.46,16948.46,10287.91,16948.46,10287.91,16948.46,10287.91,16948.46,10287.91,16948.46,10287.91,16948.46,10287.91,16948.46,10287.91,16948.46,10287.91,16916.67,10319.7,14481.26,12755.11,14481.26,12755.11,12029.42,15206.95,8627.63,18608.74,8627.63,18608.74,8627.63,18608.74,8627.63,18608.74,494.17,26742.2,494.17,26742.2,494.17,26742.2,494.17,26742.2,494.17,26742.2,382.51,26853.86,382.51,26853.86,0,27236.37,0,27236.37,0,27236.37,0,27236.37,0,27236.37,0,27236.37,0,27236.37,0,27236.37,0,27236.37,0,27236.37,0,27236.37,0,27236.37,0,27236.37,0,27236.37,0,27236.37,0,27236.37,0,27236.37,0,27236.37,0,27236.37,0,27236.37
"Q4.2010",27192.4,68.82,26065.74,1195.48,25812.45,1448.77,24503.22,2758,23703.41,3557.81,23649.91,3611.31,23372.75,3888.47,22575.39,4685.83,21937.79,5323.43,21758.46,5502.76,21644.31,5616.91,21325.77,5935.45,21192.89,6068.33,21182.92,6078.3,20781.27,6479.95,20781.27,6479.95,20681.54,6579.68,19641.46,7619.76,19641.46,7619.76,19636.6,7624.62,19636.6,7624.62,19636.6,7624.62,19636.6,7624.62,19587.46,7673.76,19587.46,7673.76,19587.46,7673.76,19587.46,7673.76,19587.46,7673.76,19587.46,7673.76,18799.18,8462.04,18799.18,8462.04,18763.9,8497.32,18763.9,8497.32,18763.9,8497.32,18763.9,8497.32,18763.9,8497.32,18755.02,8506.2,18755.02,8506.2,18527.53,8733.69,18245.92,9015.3,18245.92,9015.3,18245.92,9015.3,18245.92,9015.3,18245.92,9015.3,18245.92,9015.3,18219.64,9041.58,18219.64,9041.58,18219.64,9041.58,18219.64,9041.58,18219.64,9041.58,18219.64,9041.58,18219.64,9041.58,18219.64,9041.58,18219.64,9041.58,18205.77,9055.45,17840,9421.22,17560.01,9701.21,17560.01,9701.21,17560.01,9701.21,16947.56,10313.66,16947.56,10313.66,16947.56,10313.66,16947.56,10313.66,16947.56,10313.66,16947.56,10313.66,16947.56,10313.66,14480.36,12780.86,14480.36,12780.86,14480.36,12780.86,12028.52,15232.7,12028.52,15232.7,8627.57,18633.65,8627.57,18633.65,8627.57,18633.65,8627.57,18633.65,494.11,26767.11,494.11,26767.11,494.11,26767.11,494.11,26767.11,382.51,26878.71,382.51,26878.71,382.51,26878.71,0,27261.22,0,27261.22,0,27261.22,0,27261.22,0,27261.22,0,27261.22,0,27261.22,0,27261.22,0,27261.22,0,27261.22,0,27261.22,0,27261.22,0,27261.22,0,27261.22,0,27261.22,0,27261.22,0,27261.22,0,27261.22
"Q1.2011",27321.56,62.08,26207.87,1175.77,25932.84,1450.8,24527.95,2855.69,23723.22,3660.42,23423.31,3960.33,23403.31,3980.33,22571.68,4811.96,21946.61,5437.03,21835.95,5547.69,21562.53,5821.11,21190.72,6192.92,21111.76,6271.88,20792.34,6591.3,20777.87,6605.77,20678.14,6705.5,20678.14,6705.5,19638.06,7745.58,19638.06,7745.58,19638.06,7745.58,19638.06,7745.58,19585.81,7797.83,19585.81,7797.83,19585.81,7797.83,19585.81,7797.83,19585.81,7797.83,19585.81,7797.83,19585.81,7797.83,19582.91,7800.73,18794.01,8589.63,18767.73,8615.91,18767.73,8615.91,18767.73,8615.91,18767.73,8615.91,18758.85,8624.79,18758.85,8624.79,18758.85,8624.79,18501.09,8882.55,18501.09,8882.55,18219.48,9164.16,18219.48,9164.16,18219.48,9164.16,18219.48,9164.16,18219.48,9164.16,18219.48,9164.16,18219.48,9164.16,18219.48,9164.16,18219.48,9164.16,18219.48,9164.16,18219.48,9164.16,18219.48,9164.16,18219.48,9164.16,18219.48,9164.16,18219.48,9164.16,17925.62,9458.02,17925.62,9458.02,17925.62,9458.02,17313.17,10070.47,17313.17,10070.47,17313.17,10070.47,17313.17,10070.47,17313.17,10070.47,16947.4,10436.24,16947.4,10436.24,14480.2,12903.44,14480.2,12903.44,14480.2,12903.44,14480.2,12903.44,14480.2,12903.44,12028.36,15355.28,8627.41,18756.23,8627.41,18756.23,8627.41,18756.23,8627.41,18756.23,493.95,26889.69,493.95,26889.69,493.95,26889.69,493.95,26889.69,493.95,26889.69,382.48,27001.16,0,27383.64,0,27383.64,0,27383.64,0,27383.64,0,27383.64,0,27383.64,0,27383.64,0,27383.64,0,27383.64,0,27383.64,0,27383.64,0,27383.64,0,27383.64,0,27383.64,0,27383.64,0,27383.64,0,27383.64,0,27383.64,0,27383.64,0,27383.64
"Q2.2011",27388.85,60.41,26274.53,1174.73,25722.79,1726.47,24574.95,2874.31,23818.46,3630.8,23633.2,3816.06,23469.38,3979.88,22598.11,4851.15,21960.51,5488.75,21770.35,5678.91,21721.28,5727.98,21401.05,6048.21,21269.29,6179.97,20794.81,6654.45,20779.2,6670.06,20743.86,6705.4,20679.47,6769.79,19639.4,7809.86,19639.4,7809.86,19639.4,7809.86,19636.29,7812.97,19636.29,7812.97,19587.15,7862.11,19587.15,7862.11,19587.15,7862.11,19587.15,7862.11,19587.15,7862.11,19587.15,7862.11,19587.15,7862.11,19584.11,7865.15,19297.28,8151.98,18795.21,8654.05,18795.21,8654.05,18768.93,8680.33,18768.93,8680.33,18760.05,8689.21,18728.62,8720.64,18728.62,8720.64,18501.13,8948.13,18501.13,8948.13,18219.52,9229.74,18219.52,9229.74,18219.52,9229.74,18219.52,9229.74,18219.52,9229.74,18219.52,9229.74,18219.52,9229.74,18219.52,9229.74,18219.52,9229.74,18219.52,9229.74,18219.52,9229.74,18219.52,9229.74,18219.52,9229.74,18219.52,9229.74,17939.53,9509.73,17925.66,9523.6,17925.66,9523.6,17925.66,9523.6,17313.21,10136.05,17313.21,10136.05,17313.21,10136.05,17313.21,10136.05,16947.44,10501.82,16947.44,10501.82,16915.65,10533.61,16915.65,10533.61,14480.24,12969.02,14480.24,12969.02,14480.24,12969.02,14480.24,12969.02,14480.24,12969.02,8627.45,18821.81,8627.45,18821.81,8627.45,18821.81,493.99,26955.27,493.99,26955.27,493.99,26955.27,493.99,26955.27,382.48,27066.78,382.48,27066.78,382.48,27066.78,382.48,27066.78,382.48,27066.78,382.48,27066.78,382.48,27066.78,0,27449.26,0,27449.26,0,27449.26,0,27449.26,0,27449.26,0,27449.26,0,27449.26,0,27449.26,0,27449.26,0,27449.26,0,27449.26,0,27449.26,0,27449.26,0,27449.26,0,27449.26
"Q3.2011",27431.79,85.41,26315.49,1201.71,26182.48,1334.72,24791.72,2725.48,24403.52,3113.68,23820.01,3697.19,23498.35,4018.85,23452.53,4064.67,22580.65,4936.55,21800.35,5716.85,21696.63,5820.57,21584.06,5933.14,21421.86,6095.34,21210.99,6306.21,19845.75,7671.45,19770.14,7747.06,19754.53,7762.67,19690.13,7827.07,19690.13,7827.07,19647.79,7869.41,19647.79,7869.41,19647.79,7869.41,19647.79,7869.41,19595.54,7921.66,19595.54,7921.66,19595.54,7921.66,19595.54,7921.66,19595.54,7921.66,19595.54,7921.66,19595.54,7921.66,19308.71,8208.49,19308.71,8208.49,18806.64,8710.56,18806.64,8710.56,18775.71,8741.49,18775.71,8741.49,18766.83,8750.37,18740.55,8776.65,18740.55,8776.65,18231.48,9285.72,18231.48,9285.72,18231.48,9285.72,18231.48,9285.72,18231.48,9285.72,18231.48,9285.72,18231.48,9285.72,18231.48,9285.72,18231.48,9285.72,18226.74,9290.46,18226.74,9290.46,18226.74,9290.46,18226.74,9290.46,18226.74,9290.46,18226.74,9290.46,18226.74,9290.46,18212.87,9304.33,17932.88,9584.32,17932.88,9584.32,17932.88,9584.32,17932.88,9584.32,17320.43,10196.77,17320.43,10196.77,17320.43,10196.77,17320.43,10196.77,17320.43,10196.77,17320.43,10196.77,16915.71,10601.49,16915.71,10601.49,16915.71,10601.49,16915.71,10601.49,14480.3,13036.9,14480.3,13036.9,8627.51,18889.69,8627.51,18889.69,8627.51,18889.69,494.05,27023.15,494.05,27023.15,494.05,27023.15,494.05,27023.15,382.48,27134.72,382.48,27134.72,382.48,27134.72,382.48,27134.72,382.48,27134.72,382.48,27134.72,382.48,27134.72,382.48,27134.72,382.48,27134.72,0,27517.2,0,27517.2,0,27517.2,0,27517.2,0,27517.2,0,27517.2,0,27517.2,0,27517.2,0,27517.2,0,27517.2,0,27517.2,0,27517.2
"Q4.2011",27538.89,100.41,26419.93,1219.37,25178.78,2460.52,24878.67,2760.63,24503.43,3135.87,23811.81,3827.49,23746.16,3893.14,23681.99,3957.31,22719.18,4920.12,22161.43,5477.87,21701,5938.3,21661.1,5978.2,21367.07,6272.23,20886.72,6752.58,20886.72,6752.58,19831.04,7808.26,19831.04,7808.26,19718.3,7921,19718.3,7921,19642.69,7996.61,19642.69,7996.61,19642.69,7996.61,19639.58,7999.72,19552.81,8086.49,19552.81,8086.49,19552.81,8086.49,19552.81,8086.49,19552.81,8086.49,19552.81,8086.49,18984.37,8654.93,18984.37,8654.93,18482.27,9157.03,18482.27,9157.03,18482.27,9157.03,18482.27,9157.03,18482.27,9157.03,18482.27,9157.03,18473.39,9165.91,18245.93,9393.37,18245.93,9393.37,18245.93,9393.37,18245.93,9393.37,18245.93,9393.37,18219.65,9419.65,18214.98,9424.32,18214.98,9424.32,18214.98,9424.32,18214.98,9424.32,18214.98,9424.32,18214.98,9424.32,18214.98,9424.32,18214.98,9424.32,18214.98,9424.32,18214.98,9424.32,18214.98,9424.32,17934.99,9704.31,17934.99,9704.31,17921.12,9718.18,17921.12,9718.18,17308.67,10330.63,17308.67,10330.63,17308.67,10330.63,17308.67,10330.63,17308.67,10330.63,16911.11,10728.19,16911.11,10728.19,16911.11,10728.19,16911.11,10728.19,16911.11,10728.19,16911.11,10728.19,14459.27,13180.03,8627.57,19011.73,8627.57,19011.73,8627.57,19011.73,494.11,27145.19,494.11,27145.19,494.11,27145.19,494.11,27145.19,494.11,27145.19,494.11,27145.19,494.11,27145.19,382.48,27256.82,382.48,27256.82,382.48,27256.82,382.48,27256.82,382.48,27256.82,382.48,27256.82,382.48,27256.82,382.48,27256.82,382.48,27256.82,0,27639.3,0,27639.3,0,27639.3,0,27639.3,0,27639.3,0,27639.3,0,27639.3,0,27639.3,0,27639.3,0,27639.3
"Q1.2012",27635.39,100.41,26518.07,1217.73,26027.96,1707.84,25147.58,2588.22,24585.67,3150.13,23899.78,3836.02,23883.19,3852.61,23772.36,3963.44,23683.77,4052.03,22788.03,4947.77,22126.56,5609.24,22124.32,5611.48,21749.09,5986.71,21298.45,6437.35,20988.2,6747.6,20879.6,6856.2,19839.53,7896.27,19794.02,7941.78,19788.02,7947.78,19788.02,7947.78,19723.62,8012.18,19723.62,8012.18,19720.51,8015.29,19720.51,8015.29,19671.37,8064.43,19595.76,8140.04,19595.76,8140.04,19595.76,8140.04,19553.07,8182.73,19553.07,8182.73,19553.07,8182.73,18984.63,8751.17,18984.63,8751.17,18482.56,9253.24,18482.56,9253.24,18482.56,9253.24,18482.56,9253.24,18482.56,9253.24,18482.56,9253.24,18246.22,9489.58,18246.22,9489.58,18219.94,9515.86,18219.94,9515.86,18219.94,9515.86,18219.94,9515.86,18219.94,9515.86,18219.94,9515.86,18219.94,9515.86,18219.94,9515.86,18219.94,9515.86,18219.94,9515.86,18219.94,9515.86,18219.94,9515.86,18219.94,9515.86,18219.94,9515.86,18215.04,9520.76,17935.05,9800.75,17935.05,9800.75,17935.05,9800.75,17935.05,9800.75,17308.73,10427.07,17308.73,10427.07,17308.73,10427.07,17308.73,10427.07,17308.73,10427.07,17308.73,10427.07,17308.73,10427.07,17276.94,10458.86,17276.94,10458.86,17276.94,10458.86,17276.94,10458.86,17276.94,10458.86,8627.63,19108.17,8627.63,19108.17,8627.63,19108.17,494.17,27241.63,494.17,27241.63,494.17,27241.63,494.17,27241.63,494.17,27241.63,494.17,27241.63,494.17,27241.63,382.48,27353.32,382.48,27353.32,382.48,27353.32,382.48,27353.32,382.48,27353.32,382.48,27353.32,382.48,27353.32,382.48,27353.32,0,27735.8,0,27735.8,0,27735.8,0,27735.8,0,27735.8,0,27735.8,0,27735.8,0,27735.8,0,27735.8,0,27735.8
"Q2.2012",27707.21,100.41,26589.9,1217.72,26099.79,1707.83,25033.34,2774.28,24579.91,3227.71,24000.41,3807.21,23880.31,3927.31,23834.41,3973.21,23754.56,4053.06,22270.03,5537.59,22270.03,5537.59,21084.09,6723.53,20752.1,7055.52,20263.22,7544.4,19940.53,7867.09,19940.53,7867.09,19838.98,7968.64,19793.47,8014.15,19787.47,8020.15,19787.47,8020.15,19787.47,8020.15,19723.04,8084.58,19723.04,8084.58,19673.9,8133.72,19595.18,8212.44,19595.18,8212.44,19552.48,8255.14,19270.87,8536.75,18984.04,8823.58,18984.04,8823.58,18984.04,8823.58,18481.97,9325.65,18481.97,9325.65,18481.97,9325.65,18455.69,9351.93,18455.69,9351.93,18455.69,9351.93,18455.69,9351.93,18455.69,9351.93,18228.23,9579.39,18219.35,9588.27,18219.35,9588.27,18219.35,9588.27,18219.35,9588.27,18219.35,9588.27,18219.35,9588.27,18219.35,9588.27,18219.35,9588.27,18219.35,9588.27,18214.35,9593.27,18214.35,9593.27,18214.35,9593.27,18214.35,9593.27,18214.35,9593.27,18214.35,9593.27,17934.36,9873.26,17934.36,9873.26,17920.49,9887.13,17920.49,9887.13,17920.49,9887.13,17308.04,10499.58,17308.04,10499.58,17308.04,10499.58,17308.04,10499.58,17308.04,10499.58,17308.04,10499.58,17276.25,10531.37,16910.48,10897.14,16910.48,10897.14,16910.48,10897.14,16910.48,10897.14,8627.69,19179.93,8627.69,19179.93,8627.69,19179.93,8627.69,19179.93,494.23,27313.39,494.23,27313.39,494.23,27313.39,494.23,27313.39,494.23,27313.39,494.23,27313.39,494.23,27313.39,382.48,27425.14,382.48,27425.14,382.48,27425.14,382.48,27425.14,382.48,27425.14,382.48,27425.14,382.48,27425.14,0,27807.62,0,27807.62,0,27807.62,0,27807.62,0,27807.62,0,27807.62,0,27807.62,0,27807.62,0,27807.62,0,27807.62,0,27807.62
"Q3.2012",27859.32,45.13,26659.9,1244.55,26176.28,1728.17,25301.72,2602.73,24778.07,3126.38,24109.31,3795.14,24049.64,3854.81,23958.3,3946.15,23916.31,3988.14,23828.27,4076.18,22327.25,5577.2,21247.26,6657.19,21141.3,6763.15,20616.96,7287.49,20607.86,7296.59,19939.4,7965.05,19939.4,7965.05,19897.06,8007.39,19893.89,8010.56,19783.89,8120.56,19780.78,8123.67,19780.78,8123.67,19780.78,8123.67,19780.78,8123.67,19667.21,8237.24,19667.21,8237.24,19591.6,8312.85,19591.6,8312.85,19550.36,8354.09,19550.36,8354.09,18955.64,8948.81,18955.64,8948.81,18955.64,8948.81,18453.57,9450.88,18453.57,9450.88,18453.57,9450.88,18453.57,9450.88,18453.57,9450.88,18453.57,9450.88,18453.57,9450.88,18226.11,9678.34,18226.11,9678.34,18221.44,9683.01,18212.56,9691.89,18212.56,9691.89,18212.56,9691.89,18212.56,9691.89,18212.56,9691.89,18212.56,9691.89,18212.56,9691.89,18212.56,9691.89,18212.56,9691.89,18212.56,9691.89,18212.56,9691.89,18212.56,9691.89,18212.56,9691.89,17932.57,9971.88,17932.57,9971.88,17932.57,9971.88,17932.57,9971.88,17932.57,9971.88,17320.12,10584.33,17320.12,10584.33,17306.25,10598.2,17306.25,10598.2,17306.25,10598.2,17306.25,10598.2,17306.25,10598.2,17274.46,10629.99,17274.46,10629.99,17274.46,10629.99,17274.46,10629.99,17274.46,10629.99,8991.67,18912.78,8991.67,18912.78,8627.76,19276.69,494.3,27410.15,494.3,27410.15,494.3,27410.15,494.3,27410.15,494.3,27410.15,494.3,27410.15,494.3,27410.15,382.48,27521.97,382.48,27521.97,382.48,27521.97,382.48,27521.97,382.48,27521.97,382.48,27521.97,382.48,27521.97,0,27904.45,0,27904.45,0,27904.45,0,27904.45,0,27904.45,0,27904.45,0,27904.45,0,27904.45,0,27904.45,0,27904.45
"Q4.2012",27974.1,78.9,26762.6,1290.4,26247.93,1805.07,25210.21,2842.79,24649.28,3403.72,24190.24,3862.76,24164.61,3888.39,24025.75,4027.25,23923.86,4129.14,22408.35,5644.65,21314.73,6738.27,21204.07,6848.93,20795.33,7257.67,20621.31,7431.69,20311.06,7741.94,20311.06,7741.94,19909.08,8143.92,19905.91,8147.09,19899.91,8153.09,19899.91,8153.09,19899.91,8153.09,19781.51,8271.49,19781.51,8271.49,19732.37,8320.63,19732.37,8320.63,19592.33,8460.67,19592.33,8460.67,19592.33,8460.67,19549.6,8503.4,18981.16,9071.84,18981.16,9071.84,18981.16,9071.84,18479.09,9573.91,18479.09,9573.91,18479.09,9573.91,18479.09,9573.91,18479.09,9573.91,18470.21,9582.79,18470.21,9582.79,18242.75,9810.25,18242.75,9810.25,18242.75,9810.25,18242.75,9810.25,18242.75,9810.25,18242.75,9810.25,18242.75,9810.25,18242.75,9810.25,18242.75,9810.25,18242.75,9810.25,18242.75,9810.25,18242.75,9810.25,18242.75,9810.25,18236.53,9816.47,18236.53,9816.47,17956.54,10096.46,17956.54,10096.46,17930.26,10122.74,17930.26,10122.74,17930.26,10122.74,17317.81,10735.19,17317.81,10735.19,17317.81,10735.19,17303.94,10749.06,17303.94,10749.06,17303.94,10749.06,17303.94,10749.06,16938.17,11114.83,16906.38,11146.62,16906.38,11146.62,16906.38,11146.62,14471,13582,14471,13582,8627.82,19425.18,8627.82,19425.18,8627.82,19425.18,494.36,27558.64,494.36,27558.64,494.36,27558.64,494.36,27558.64,494.36,27558.64,494.36,27558.64,494.36,27558.64,382.48,27670.52,382.48,27670.52,382.48,27670.52,382.48,27670.52,382.48,27670.52,382.48,27670.52,382.48,27670.52,382.48,27670.52,0,28053,0,28053,0,28053,0,28053,0,28053,0,28053,0,28053,0,28053,0,28053,0,28053
"Q1.2013",28089.73,78.67,26855.43,1312.97,26344.83,1823.57,25367.3,2801.1,24720.37,3448.03,24281.73,3886.67,24241.61,3926.79,24097.06,4071.34,24008.47,4159.93,22343.38,5825.02,21303.31,6865.09,20878.83,7289.57,20717.85,7450.55,20371.12,7797.28,20368.76,7799.64,20326.42,7841.98,19917.56,8250.84,19917.56,8250.84,19911.56,8256.84,19908.39,8260.01,19905.28,8263.12,19905.28,8263.12,19782.39,8386.01,19733.25,8435.15,19733.25,8435.15,19733.25,8435.15,19733.25,8435.15,19614.35,8554.05,18981.48,9186.92,18981.48,9186.92,18955.2,9213.2,18955.2,9213.2,18453.13,9715.27,18453.13,9715.27,18453.13,9715.27,18453.13,9715.27,18453.13,9715.27,18444.25,9724.15,18444.25,9724.15,18216.82,9951.58,18216.82,9951.58,18216.82,9951.58,18216.82,9951.58,18216.82,9951.58,18216.82,9951.58,18216.82,9951.58,18216.82,9951.58,18216.82,9951.58,18216.82,9951.58,18216.82,9951.58,18216.82,9951.58,18216.82,9951.58,18216.82,9951.58,18216.82,9951.58,17930.38,10238.02,17930.38,10238.02,17930.38,10238.02,17930.38,10238.02,17930.38,10238.02,17317.93,10850.47,17317.93,10850.47,17317.93,10850.47,17317.93,10850.47,17304.06,10864.34,17304.06,10864.34,17272.27,10896.13,17272.27,10896.13,17272.27,10896.13,17272.27,10896.13,17272.27,10896.13,14836.86,13331.54,12019.25,16149.15,8627.91,19540.49,8627.91,19540.49,8627.91,19540.49,494.45,27673.95,494.45,27673.95,494.45,27673.95,494.45,27673.95,494.45,27673.95,494.45,27673.95,494.45,27673.95,382.48,27785.92,382.48,27785.92,382.48,27785.92,382.48,27785.92,382.48,27785.92,382.48,27785.92,382.48,27785.92,382.48,27785.92,0,28168.4,0,28168.4,0,28168.4,0,28168.4,0,28168.4,0,28168.4,0,28168.4,0,28168.4,0,28168.4,0,28168.4
"Q2.2013",28099.97,137.1,26418.83,1818.24,25445,2792.07,24343.21,3893.86,24302.62,3934.45,24263.38,3973.69,24066.67,4170.4,21306.76,6930.31,21196.1,7040.97,20915.42,7321.65,20431.15,7805.92,20368.68,7868.39,20368.68,7868.39,19927.19,8309.88,19918.02,8319.05,19918.02,8319.05,19914.91,8322.16,19914.91,8322.16,19914.91,8322.16,19659.25,8577.82,19615.86,8621.21,19615.86,8621.21,19329.03,8908.04,19047.42,9189.65,19047.42,9189.65,18982.99,9254.08,18454.64,9782.43,18454.64,9782.43,18454.64,9782.43,18454.64,9782.43,18454.64,9782.43,18454.64,9782.43,18227.21,10009.86,18227.21,10009.86,18227.21,10009.86,18227.21,10009.86,18218.33,10018.74,18218.33,10018.74,18218.33,10018.74,18218.33,10018.74,18218.33,10018.74,18218.33,10018.74,18218.33,10018.74,18218.33,10018.74,18211.49,10025.58,18211.49,10025.58,18211.49,10025.58,17931.5,10305.57,17931.5,10305.57,17931.5,10305.57,17931.5,10305.57,17319.05,10918.02,17287.26,10949.81,17287.26,10949.81,17287.26,10949.81,17287.26,10949.81,17287.26,10949.81,17287.26,10949.81,17287.26,10949.81,17287.26,10949.81,17287.26,10949.81,17287.26,10949.81,17273.39,10963.68,17273.39,10963.68,12018.53,16218.54,12018.53,16218.54,8627.97,19609.1,8627.97,19609.1,8627.97,19609.1,494.51,27742.56,494.51,27742.56,494.51,27742.56,494.51,27742.56,494.51,27742.56,494.51,27742.56,494.51,27742.56,382.48,27854.59,382.48,27854.59,382.48,27854.59,382.48,27854.59,382.48,27854.59,382.48,27854.59,382.48,27854.59,382.48,27854.59,0,28237.07,0,28237.07,0,28237.07,0,28237.07,0,28237.07,0,28237.07,0,28237.07,0,28237.07,0,28237.07,0,28237.07,0,28237.07,0,28237.07,0,28237.07,0,28237.07,0,28237.07,0,28237.07
"Q3.2013",28221.32,99.72,26540.08,1780.96,25602.41,2718.63,24976.84,3344.2,24400.45,3920.59,24364.81,3956.23,24259.14,4061.9,24185.21,4135.83,21261.19,7059.85,21061.21,7259.83,20537.87,7783.17,20501.39,7819.65,20446.61,7874.43,20420.57,7900.47,20420.57,7900.47,19924.32,8396.72,19924.32,8396.72,19845.6,8475.44,19845.6,8475.44,19845.6,8475.44,19796.46,8524.58,19796.46,8524.58,19796.46,8524.58,19796.46,8524.58,19372.59,8948.45,19047.56,9273.48,19021.28,9299.76,18519.21,9801.83,18519.21,9801.83,18519.21,9801.83,18519.21,9801.83,18454.78,9866.26,18454.78,9866.26,18454.78,9866.26,18227.35,10093.69,18227.35,10093.69,18227.35,10093.69,18218.47,10102.57,18218.47,10102.57,18218.47,10102.57,18218.47,10102.57,18218.47,10102.57,18218.47,10102.57,18218.47,10102.57,18211.56,10109.48,18211.56,10109.48,18211.56,10109.48,18211.56,10109.48,18211.56,10109.48,17931.57,10389.47,17931.57,10389.47,17931.57,10389.47,17931.57,10389.47,17931.57,10389.47,17319.12,11001.92,17319.12,11001.92,17319.12,11001.92,17319.12,11001.92,17319.12,11001.92,17319.12,11001.92,17305.25,11015.79,17273.46,11047.58,17273.46,11047.58,17273.46,11047.58,17273.46,11047.58,14838.08,13482.96,14838.08,13482.96,12386.24,15934.8,8995.68,19325.36,8628.04,19693,8628.04,19693,494.58,27826.46,494.58,27826.46,494.58,27826.46,494.58,27826.46,494.58,27826.46,494.58,27826.46,494.58,27826.46,382.48,27938.56,382.48,27938.56,382.48,27938.56,382.48,27938.56,382.48,27938.56,382.48,27938.56,0,28321.04,0,28321.04,0,28321.04,0,28321.04,0,28321.04,0,28321.04,0,28321.04,0,28321.04,0,28321.04,0,28321.04,0,28321.04,0,28321.04,0,28321.04,0,28321.04,0,28321.04,0,28321.04
"Q4.2013",28246.71,136.73,26565.57,1817.87,25501.33,2882.11,24498.49,3884.95,24457,3926.44,24322.08,4061.36,24300.35,4083.09,21397.58,6985.86,21098.11,7285.33,20867.88,7515.56,20521.15,7862.29,20455.69,7927.75,20455.69,7927.75,20452.52,7930.92,20446.52,7936.92,19926.79,8456.65,19877.65,8505.79,19802.04,8581.4,19798.93,8584.51,19798.93,8584.51,19798.93,8584.51,19798.93,8584.51,19655.23,8728.21,19060.51,9322.93,19060.51,9322.93,19016.17,9367.27,18514.1,9869.34,18514.1,9869.34,18514.1,9869.34,18514.1,9869.34,18508.92,9874.52,18508.92,9874.52,18208.2,10175.24,18208.2,10175.24,18208.2,10175.24,18208.2,10175.24,18208.2,10175.24,18208.2,10175.24,18208.2,10175.24,18208.2,10175.24,18208.2,10175.24,18208.2,10175.24,18208.2,10175.24,18208.2,10175.24,18208.2,10175.24,18208.2,10175.24,17928.21,10455.23,17928.21,10455.23,17928.21,10455.23,17928.21,10455.23,17928.21,10455.23,17315.76,11067.68,17315.76,11067.68,17315.76,11067.68,17315.76,11067.68,17315.76,11067.68,17315.76,11067.68,17283.97,11099.47,17270.1,11113.34,17270.1,11113.34,17270.1,11113.34,17270.1,11113.34,17270.1,11113.34,17270.1,11113.34,14834.72,13548.72,12382.88,16000.56,8995.74,19387.7,8995.74,19387.7,8995.74,19387.7,8995.74,19387.7,494.64,27888.8,494.64,27888.8,494.64,27888.8,494.64,27888.8,494.64,27888.8,382.48,28000.96,382.48,28000.96,382.48,28000.96,382.48,28000.96,382.48,28000.96,382.48,28000.96,382.48,28000.96,382.48,28000.96,382.48,28000.96,0,28383.44,0,28383.44,0,28383.44,0,28383.44,0,28383.44,0,28383.44,0,28383.44,0,28383.44,0,28383.44,0,28383.44,0,28383.44,0,28383.44,0,28383.44,0,28383.44,0,28383.44,0,28383.44
"Q1.2014",28252.15,100.22,26591.51,1760.86,25623.58,2728.79,24703.31,3649.06,24421.6,3930.77,24300.59,4051.78,24293.32,4059.05,22549.39,5802.98,21468.68,6883.69,21202.64,7149.73,20530.04,7822.33,20462.73,7889.64,20420.22,7932.15,20420.22,7932.15,20414.22,7938.15,19930.68,8421.69,19930.68,8421.69,19881.54,8470.83,19802.82,8549.55,19802.82,8549.55,19802.82,8549.55,19802.82,8549.55,19802.82,8549.55,19367.3,8985.07,19085.72,9266.65,19085.72,9266.65,19085.72,9266.65,18556.25,9796.12,18491.82,9860.55,18491.82,9860.55,18491.82,9860.55,18482.96,9869.41,18438.6,9913.77,18438.6,9913.77,18211.17,10141.2,18211.17,10141.2,18211.17,10141.2,18211.17,10141.2,18211.17,10141.2,18211.17,10141.2,18211.17,10141.2,18211.17,10141.2,18211.17,10141.2,18211.17,10141.2,18211.17,10141.2,18211.17,10141.2,18179.48,10172.89,18179.48,10172.89,17899.49,10452.88,17899.49,10452.88,17899.49,10452.88,17899.49,10452.88,17899.49,10452.88,17287.04,11065.33,17287.04,11065.33,17281.38,11070.99,17281.38,11070.99,17281.38,11070.99,17281.38,11070.99,17281.38,11070.99,17281.38,11070.99,17169.16,11183.21,17169.16,11183.21,17155.26,11197.11,17155.26,11197.11,14719.88,13632.49,12268.04,16084.33,8881.68,19470.69,8881.68,19470.69,8515.97,19836.4,8515.97,19836.4,382.51,27969.86,382.51,27969.86,382.51,27969.86,382.51,27969.86,382.51,27969.86,382.51,27969.86,382.51,27969.86,382.51,27969.86,382.51,27969.86,382.51,27969.86,382.51,27969.86,382.51,27969.86,0,28352.37,0,28352.37,0,28352.37,0,28352.37,0,28352.37,0,28352.37,0,28352.37,0,28352.37,0,28352.37,0,28352.37,0,28352.37,0,28352.37,0,28352.37,0,28352.37,0,28352.37,0,28352.37,0,28352.37
"Q2.2014",28325.73,100.43,26665.49,1760.67,25690.81,2735.35,25213.66,3212.5,24494.02,3932.14,24401.62,4024.54,24368.53,4057.63,22633.29,5792.87,22495.73,5930.43,21175.93,7250.23,20516.98,7909.18,20470.54,7955.62,20428.03,7998.13,20428.03,7998.13,20428.03,7998.13,20422.03,8004.13,19909.1,8517.06,19909.1,8517.06,19859.96,8566.2,19781.24,8644.92,19716.81,8709.35,19716.81,8709.35,19716.81,8709.35,19429.98,8996.18,18992.63,9433.53,18992.63,9433.53,18992.63,9433.53,18448.01,9978.15,18448.01,9978.15,18448.01,9978.15,18448.01,9978.15,18448.01,9978.15,18439.15,9987.01,18439.15,9987.01,18439.15,9987.01,18211.72,10214.44,18211.72,10214.44,18211.72,10214.44,18211.72,10214.44,18211.72,10214.44,18211.72,10214.44,18211.72,10214.44,18211.72,10214.44,18211.72,10214.44,18211.72,10214.44,17931.73,10494.43,17931.73,10494.43,17931.73,10494.43,17931.73,10494.43,17931.73,10494.43,17931.73,10494.43,17931.73,10494.43,17931.73,10494.43,17931.73,10494.43,17319.28,11106.88,17319.28,11106.88,17319.28,11106.88,17319.28,11106.88,17287.59,11138.57,17287.59,11138.57,17287.59,11138.57,17287.59,11138.57,17287.59,11138.57,17273.69,11152.47,17273.69,11152.47,14838.31,13587.85,12386.47,16039.69,12386.47,16039.69,8993.99,19432.17,8881.68,19544.48,8515.97,19910.19,382.51,28043.65,382.51,28043.65,382.51,28043.65,382.51,28043.65,382.51,28043.65,382.51,28043.65,382.51,28043.65,382.51,28043.65,382.51,28043.65,382.51,28043.65,382.51,28043.65,382.51,28043.65,0,28426.16,0,28426.16,0,28426.16,0,28426.16,0,28426.16,0,28426.16,0,28426.16,0,28426.16,0,28426.16,0,28426.16,0,28426.16,0,28426.16,0,28426.16,0,28426.16,0,28426.16,0,28426.16,0,28426.16
"Q3.2014",27378.01,1154.39,26750.24,1782.16,25715.75,2816.65,24779.16,3753.24,24612.37,3920.03,24500.8,4031.6,23888.24,4644.16,22651.82,5880.58,22497.39,6035.01,20696.09,7836.31,20468.84,8063.56,20461.39,8071.01,20461.39,8071.01,20461.39,8071.01,20455.39,8077.01,19931.63,8600.77,19931.63,8600.77,19806.88,8725.52,19806.88,8725.52,19739.3,8793.1,19739.3,8793.1,19452.47,9079.93,19452.47,9079.93,19170.89,9361.51,19170.89,9361.51,18947.9,9584.5,18947.9,9584.5,18435.85,10096.55,18435.85,10096.55,18435.85,10096.55,18435.85,10096.55,18435.85,10096.55,18435.85,10096.55,18435.85,10096.55,18208.42,10323.98,18208.42,10323.98,18208.42,10323.98,18208.42,10323.98,18208.42,10323.98,18208.42,10323.98,18208.42,10323.98,18208.42,10323.98,17928.43,10603.97,17928.43,10603.97,17928.43,10603.97,17928.43,10603.97,17928.43,10603.97,17928.43,10603.97,17928.43,10603.97,17928.43,10603.97,17928.43,10603.97,17928.43,10603.97,17928.43,10603.97,17928.43,10603.97,17315.98,11216.42,17284.29,11248.11,17284.29,11248.11,17284.29,11248.11,17284.29,11248.11,17284.29,11248.11,17284.29,11248.11,17284.29,11248.11,17270.39,11262.01,17270.39,11262.01,17270.39,11262.01,12383.17,16149.23,8998.98,19533.42,8998.98,19533.42,8637.96,19894.44,8515.97,20016.43,8515.97,20016.43,382.51,28149.89,382.51,28149.89,382.51,28149.89,382.51,28149.89,382.51,28149.89,382.51,28149.89,382.51,28149.89,0,28532.4,0,28532.4,0,28532.4,0,28532.4,0,28532.4,0,28532.4,0,28532.4,0,28532.4,0,28532.4,0,28532.4,0,28532.4,0,28532.4,0,28532.4,0,28532.4,0,28532.4,0,28532.4,0,28532.4,0,28532.4,0,28532.4,0,28532.4,0,28532.4,0,28532.4
"Q4.2014",27438.09,1154.27,26831.63,1760.73,25775.61,2816.75,24839.01,3753.35,24672.85,3919.51,24567.18,4025.18,23985.1,4607.26,22656.51,5935.85,22569.41,6022.95,21828.17,6764.19,21723.86,6868.5,21712.07,6880.29,20477.07,8115.29,20471.07,8121.29,20471.07,8121.29,20471.07,8121.29,19941.97,8650.39,19825.25,8767.11,19825.25,8767.11,19749.64,8842.72,19749.64,8842.72,19181.23,9411.13,19181.23,9411.13,19181.23,9411.13,19181.23,9411.13,18989.44,9602.92,18486.25,10106.11,18486.25,10106.11,18477.39,10114.97,18477.39,10114.97,18477.39,10114.97,18477.39,10114.97,18434.95,10157.41,18434.95,10157.41,18207.52,10384.84,18207.52,10384.84,18207.52,10384.84,18207.52,10384.84,18207.52,10384.84,18207.52,10384.84,18207.52,10384.84,18207.52,10384.84,18207.52,10384.84,17927.53,10664.83,17927.53,10664.83,17927.53,10664.83,17895.84,10696.52,17895.84,10696.52,17895.84,10696.52,17895.84,10696.52,17895.84,10696.52,17895.84,10696.52,17895.84,10696.52,17895.84,10696.52,17895.84,10696.52,17283.39,11308.97,17283.39,11308.97,17283.39,11308.97,17283.39,11308.97,17283.39,11308.97,17269.49,11322.87,17269.49,11322.87,17269.49,11322.87,17269.49,11322.87,17269.49,11322.87,14464.44,14127.92,12012.6,16579.76,8628.41,19963.95,8628.41,19963.95,8515.97,20076.39,8515.97,20076.39,8515.97,20076.39,382.51,28209.85,382.51,28209.85,382.51,28209.85,0,28592.36,0,28592.36,0,28592.36,0,28592.36,0,28592.36,0,28592.36,0,28592.36,0,28592.36,0,28592.36,0,28592.36,0,28592.36,0,28592.36,0,28592.36,0,28592.36,0,28592.36,0,28592.36,0,28592.36,0,28592.36,0,28592.36,0,28592.36,0,28592.36,0,28592.36,0,28592.36,0,28592.36,0,28592.36
"Q1.2015",28485.16,100.04,26821.67,1763.53,25709.85,2875.35,24835.14,3750.06,24804.9,3780.3,24574.48,4010.72,22968,5617.2,22688.1,5897.1,22280.05,6305.15,22060.8,6524.4,21712.31,6872.89,21712.31,6872.89,21669.08,6916.12,20430.83,8154.37,20430.83,8154.37,20430.83,8154.37,19853.37,8731.83,19850.26,8734.94,19801.12,8784.08,19438.11,9147.09,19438.11,9147.09,19151.28,9433.92,19151.28,9433.92,19151.28,9433.92,19151.28,9433.92,18952.88,9632.32,18448.11,10137.09,18448.11,10137.09,18448.11,10137.09,18448.11,10137.09,18448.11,10137.09,18416.42,10168.78,18416.42,10168.78,18416.42,10168.78,18416.42,10168.78,18188.99,10396.21,18188.99,10396.21,18144.48,10440.72,18144.48,10440.72,18144.48,10440.72,18144.48,10440.72,18144.48,10440.72,18144.48,10440.72,18144.48,10440.72,18144.48,10440.72,17864.49,10720.71,17864.49,10720.71,17864.49,10720.71,17864.49,10720.71,17864.49,10720.71,17864.49,10720.71,17864.49,10720.71,17864.49,10720.71,17864.49,10720.71,17864.49,10720.71,17864.49,10720.71,17864.49,10720.71,17252.04,11333.16,17252.04,11333.16,17252.04,11333.16,17252.04,11333.16,16908.04,11677.16,16908.04,11677.16,16908.04,11677.16,14472.63,14112.57,14360.13,14225.07,11908.29,16676.91,8524.88,20060.32,8142.37,20442.83,8142.37,20442.83,8142.37,20442.83,8133.46,20451.74,8133.46,20451.74,8133.46,20451.74,0,28585.2,0,28585.2,0,28585.2,0,28585.2,0,28585.2,0,28585.2,0,28585.2,0,28585.2,0,28585.2,0,28585.2,0,28585.2,0,28585.2,0,28585.2,0,28585.2,0,28585.2,0,28585.2,0,28585.2,0,28585.2,0,28585.2,0,28585.2,0,28585.2,0,28585.2,0,28585.2,0,28585.2,0,28585.2,0,28585.2
"Q2.2015",29092.74,102.64,26824.94,2370.44,25708.39,3486.99,24816.3,4379.08,24798.64,4396.74,24098.43,5096.95,22905.41,6289.97,22680.06,6515.32,22257.98,6937.4,22044.92,7150.46,21690.4,7504.98,21665.06,7530.32,21665.06,7530.32,20390.01,8805.37,20249.9,8945.48,19746.93,9448.45,19746.93,9448.45,19697.79,9497.59,19697.79,9497.59,19416.21,9779.17,19129.38,10066,19129.38,10066,19129.38,10066,19129.38,10066,19129.38,10066,19129.38,10066,18418.95,10776.43,18418.95,10776.43,18418.95,10776.43,18418.95,10776.43,18418.95,10776.43,18418.95,10776.43,18418.95,10776.43,18418.95,10776.43,18191.52,11003.86,18191.52,11003.86,18146.94,11048.44,18146.94,11048.44,18146.94,11048.44,18146.94,11048.44,18146.94,11048.44,18146.94,11048.44,18146.94,11048.44,17835.26,11360.12,17835.26,11360.12,17835.26,11360.12,17835.26,11360.12,17835.26,11360.12,17835.26,11360.12,17835.26,11360.12,17835.26,11360.12,17835.26,11360.12,17835.26,11360.12,17835.26,11360.12,17835.26,11360.12,17835.26,11360.12,17835.26,11360.12,17222.81,11972.57,17222.81,11972.57,17222.81,11972.57,17208.91,11986.47,17208.91,11986.47,17208.91,11986.47,17208.91,11986.47,14773.5,14421.88,12321.66,16873.72,12321.66,16873.72,8940.65,20254.73,8940.65,20254.73,8940.65,20254.73,8940.65,20254.73,8638.81,20556.57,8638.81,20556.57,505.35,28690.03,10.28,29185.1,10.28,29185.1,10.28,29185.1,10.28,29185.1,10.28,29185.1,10.28,29185.1,10.28,29185.1,10.28,29185.1,10.28,29185.1,10.28,29185.1,0,29195.38,0,29195.38,0,29195.38,0,29195.38,0,29195.38,0,29195.38,0,29195.38,0,29195.38,0,29195.38,0,29195.38,0,29195.38,0,29195.38,0,29195.38,0,29195.38,0,29195.38,0,29195.38
"Q3.2015",29139.3,202.14,26874.87,2466.57,25812.83,3528.61,24920.74,4420.7,24906.14,4435.3,24119.81,5221.63,22958.88,6382.56,22472.9,6868.54,22153.17,7188.27,22022.13,7319.31,21824.35,7517.09,21770.77,7570.67,21755.81,7585.63,20335.99,9005.45,20335.99,9005.45,19831.51,9509.93,19782.37,9559.07,19706.76,9634.68,19425.16,9916.28,19425.16,9916.28,19138.33,10203.11,19138.33,10203.11,19138.33,10203.11,19138.33,10203.11,19138.33,10203.11,18633.56,10707.88,18420.1,10921.34,18420.1,10921.34,18420.1,10921.34,18420.1,10921.34,18420.1,10921.34,18420.1,10921.34,18192.7,11148.74,18161.01,11180.43,18116.84,11224.6,18116.84,11224.6,18116.84,11224.6,18116.84,11224.6,18116.84,11224.6,18116.84,11224.6,18116.84,11224.6,18116.84,11224.6,18116.84,11224.6,17836.85,11504.59,17836.85,11504.59,17836.85,11504.59,17836.85,11504.59,17836.85,11504.59,17836.85,11504.59,17836.85,11504.59,17836.85,11504.59,17836.85,11504.59,17836.85,11504.59,17836.85,11504.59,17836.85,11504.59,17224.4,12117.04,17224.4,12117.04,17224.4,12117.04,17224.4,12117.04,17210.5,12130.94,17210.5,12130.94,17210.5,12130.94,14774.96,14566.48,14774.96,14566.48,12323.12,17018.32,12323.12,17018.32,12323.12,17018.32,8942.14,20399.3,8640.48,20700.96,8640.48,20700.96,8640.48,20700.96,8527.89,20813.55,394.43,28947.01,11.92,29329.52,11.92,29329.52,11.92,29329.52,11.92,29329.52,11.92,29329.52,11.92,29329.52,11.92,29329.52,11.92,29329.52,11.92,29329.52,11.92,29329.52,11.92,29329.52,11.92,29329.52,11.92,29329.52,11.92,29329.52,11.92,29329.52,0,29341.44,0,29341.44,0,29341.44,0,29341.44,0,29341.44,0,29341.44,0,29341.44,0,29341.44,0,29341.44,0,29341.44,0,29341.44,0,29341.44
"Q4.2015",29255.23,203.27,26926.62,2531.88,25924.51,3533.99,24972.75,4485.75,24934.07,4524.43,23111.16,6347.34,23059.37,6399.13,22587.11,6871.39,22204.9,7253.6,21960.93,7497.57,21837.65,7620.85,21789.32,7669.18,21783.04,7675.46,20336.99,9121.51,20336.99,9121.51,19821.47,9637.03,19684.93,9773.57,19403.35,10055.15,19403.35,10055.15,19403.35,10055.15,19116.52,10341.98,19116.52,10341.98,19116.52,10341.98,19116.52,10341.98,18611.75,10846.75,18611.75,10846.75,18611.75,10846.75,18389.92,11068.58,18389.92,11068.58,18389.92,11068.58,18389.92,11068.58,18389.92,11068.58,18162.52,11295.98,18162.52,11295.98,18120.58,11337.92,18120.58,11337.92,18120.58,11337.92,18088.89,11369.61,18088.89,11369.61,18088.89,11369.61,18088.89,11369.61,18088.89,11369.61,17808.9,11649.6,17808.9,11649.6,17808.9,11649.6,17808.9,11649.6,17808.9,11649.6,17808.9,11649.6,17808.9,11649.6,17808.9,11649.6,17808.9,11649.6,17808.9,11649.6,17808.9,11649.6,17808.9,11649.6,17196.45,12262.05,17196.45,12262.05,17196.45,12262.05,17196.45,12262.05,17182.55,12275.95,16909.63,12548.87,14474,14984.5,14474,14984.5,14474,14984.5,11909.54,17548.96,11909.54,17548.96,11909.54,17548.96,8528.56,20929.94,8146.05,21312.45,8146.05,21312.45,8146.05,21312.45,8146.05,21312.45,8146.05,21312.45,12.59,29445.91,12.59,29445.91,12.59,29445.91,12.59,29445.91,12.59,29445.91,12.59,29445.91,12.59,29445.91,12.59,29445.91,12.59,29445.91,12.59,29445.91,12.59,29445.91,12.59,29445.91,12.59,29445.91,12.59,29445.91,0,29458.5,0,29458.5,0,29458.5,0,29458.5,0,29458.5,0,29458.5,0,29458.5,0,29458.5,0,29458.5,0,29458.5,0,29458.5,0,29458.5,0,29458.5,0,29458.5
"Q1.2016",29357.42,96.9,29068.36,385.96,25898.23,3556.09,25285.6,4168.72,24940.51,4513.81,24789.86,4664.46,23045.9,6408.42,22722.99,6731.33,22401.96,7052.36,22206.05,7248.27,21930.2,7524.12,21893.68,7560.64,21893.68,7560.64,21786.67,7667.65,20297.54,9156.78,20297.54,9156.78,19818.2,9636.12,19818.2,9636.12,19651.49,9802.83,19368.57,10085.75,19368.57,10085.75,19368.57,10085.75,19081.74,10372.58,19081.74,10372.58,19081.74,10372.58,19081.74,10372.58,18576.97,10877.35,18576.97,10877.35,18576.97,10877.35,18576.97,10877.35,18576.97,10877.35,18348.63,11105.69,18348.63,11105.69,18348.63,11105.69,18348.63,11105.69,18348.63,11105.69,18121.23,11333.09,18121.23,11333.09,18121.23,11333.09,18121.23,11333.09,18078.2,11376.12,18046.51,11407.81,18046.51,11407.81,18046.51,11407.81,17766.52,11687.8,17766.52,11687.8,17766.52,11687.8,17766.52,11687.8,17766.52,11687.8,17766.52,11687.8,17766.52,11687.8,17766.52,11687.8,17766.52,11687.8,17766.52,11687.8,17766.52,11687.8,17766.52,11687.8,17766.52,11687.8,17766.52,11687.8,17766.52,11687.8,17653.83,11800.49,17653.83,11800.49,17041.38,12412.94,14591.82,14862.5,14591.82,14862.5,14591.82,14862.5,14361.68,15092.64,14361.68,15092.64,11909.84,17544.48,8528.86,20925.46,8528.86,20925.46,8528.86,20925.46,8146.35,21307.97,8146.35,21307.97,8146.35,21307.97,12.89,29441.43,12.89,29441.43,12.89,29441.43,12.89,29441.43,12.89,29441.43,12.89,29441.43,12.89,29441.43,12.89,29441.43,12.89,29441.43,12.89,29441.43,12.89,29441.43,12.89,29441.43,12.89,29441.43,12.89,29441.43,12.89,29441.43,12.89,29441.43,0,29454.32,0,29454.32,0,29454.32,0,29454.32,0,29454.32,0,29454.32,0,29454.32,0,29454.32,0,29454.32,0,29454.32
"Q2.2016",29382,96.96,29222.16,256.8,25924.78,3554.18,25188.5,4290.46,25113.21,4365.75,24929.06,4549.9,23051.34,6427.62,23010.79,6468.17,22500.13,6978.83,22214.77,7264.19,22166.02,7312.94,21900.58,7578.38,21893.77,7585.19,21826.16,7652.8,21814.37,7664.59,21768.69,7710.27,19795.56,9683.4,19773.29,9705.67,19618.4,9860.56,19336.82,10142.14,19336.82,10142.14,19336.82,10142.14,19336.82,10142.14,19336.82,10142.14,19049.99,10428.97,19049.99,10428.97,19049.99,10428.97,18545.22,10933.74,18545.22,10933.74,18545.22,10933.74,18545.22,10933.74,18545.22,10933.74,18545.22,10933.74,18307.05,11171.91,18307.05,11171.91,18307.05,11171.91,18307.05,11171.91,18307.05,11171.91,18079.65,11399.31,18039.15,11439.81,18039.15,11439.81,18039.15,11439.81,18007.46,11471.5,18007.46,11471.5,18007.46,11471.5,17727.47,11751.49,17727.47,11751.49,17727.47,11751.49,17727.47,11751.49,17727.47,11751.49,17727.47,11751.49,17727.47,11751.49,17727.47,11751.49,17727.47,11751.49,17727.47,11751.49,17727.47,11751.49,17727.47,11751.49,17727.47,11751.49,17727.47,11751.49,17727.47,11751.49,17727.47,11751.49,17727.47,11751.49,17614.75,11864.21,17002.3,12476.66,16794.15,12684.81,14358.39,15120.57,14358.39,15120.57,14358.39,15120.57,14358.39,15120.57,8528.3,20950.66,8528.3,20950.66,8145.79,21333.17,8145.79,21333.17,8145.79,21333.17,8145.79,21333.17,12.33,29466.63,12.33,29466.63,12.33,29466.63,12.33,29466.63,0,29478.96,0,29478.96,0,29478.96,0,29478.96,0,29478.96,0,29478.96,0,29478.96,0,29478.96,0,29478.96,0,29478.96,0,29478.96,0,29478.96,0,29478.96,0,29478.96,0,29478.96,0,29478.96,0,29478.96,0,29478.96,0,29478.96,0,29478.96,0,29478.96
"Q3.2016",29420.48,97.5,29260.97,257.01,25945.49,3572.49,25207.39,4310.59,25130.8,4387.18,24936.53,4581.45,23075.35,6442.63,23034.79,6483.19,22845.09,6672.89,22274.6,7243.38,22075.84,7442.14,21938.8,7579.18,21874.29,7643.69,21834.66,7683.32,21812.35,7705.63,21370.22,8147.76,19706.3,9811.68,19677.15,9840.83,19346.43,10171.55,19346.43,10171.55,19346.43,10171.55,19059.6,10458.38,19059.6,10458.38,19059.6,10458.38,19059.6,10458.38,19059.6,10458.38,19059.6,10458.38,18554.83,10963.15,18554.83,10963.15,18554.83,10963.15,18554.83,10963.15,18554.83,10963.15,18554.83,10963.15,18306.66,11211.32,18306.66,11211.32,18306.66,11211.32,18306.66,11211.32,18306.66,11211.32,18035.68,11482.3,18035.68,11482.3,18035.68,11482.3,18035.68,11482.3,18003.99,11513.99,18003.99,11513.99,18003.99,11513.99,17724,11793.98,17724,11793.98,17724,11793.98,17724,11793.98,17724,11793.98,17724,11793.98,17724,11793.98,17724,11793.98,17724,11793.98,17724,11793.98,17724,11793.98,17724,11793.98,17724,11793.98,17724,11793.98,17724,11793.98,17724,11793.98,17724,11793.98,17228.74,12289.24,17228.74,12289.24,16616.29,12901.69,13977.67,15540.31,13977.67,15540.31,13977.67,15540.31,13977.67,15540.31,11525.83,17992.15,8147.89,21370.09,8147.89,21370.09,8147.89,21370.09,8147.89,21370.09,8147.89,21370.09,14.43,29503.55,14.43,29503.55,14.43,29503.55,14.43,29503.55,14.43,29503.55,14.43,29503.55,14.43,29503.55,0,29517.98,0,29517.98,0,29517.98,0,29517.98,0,29517.98,0,29517.98,0,29517.98,0,29517.98,0,29517.98,0,29517.98,0,29517.98,0,29517.98,0,29517.98,0,29517.98,0,29517.98,0,29517.98,0,29517.98,0,29517.98
"Q4.2016",29337.91,202.41,29153.94,386.38,25951.95,3588.37,25151.97,4388.35,25060.46,4479.86,23112.22,6428.1,22978.29,6562.03,22847.42,6692.9,22249.19,7291.13,21959.56,7580.76,21883.25,7657.07,21787.65,7752.67,21748.02,7792.3,21348.72,8191.6,21348.72,8191.6,19687.82,9852.5,19406.24,10134.08,19357.1,10183.22,19357.1,10183.22,19070.27,10470.05,19070.27,10470.05,19070.27,10470.05,19070.27,10470.05,19070.27,10470.05,19070.27,10470.05,18565.5,10974.82,18565.5,10974.82,18565.5,10974.82,18565.5,10974.82,18565.5,10974.82,18565.5,10974.82,18565.5,10974.82,18307.45,11232.87,18307.45,11232.87,18261.29,11279.03,18033.89,11506.43,18033.89,11506.43,18033.89,11506.43,18033.89,11506.43,18033.89,11506.43,18002.2,11538.12,18002.2,11538.12,18002.2,11538.12,18002.2,11538.12,17722.21,11818.11,17722.21,11818.11,17722.21,11818.11,17722.21,11818.11,17722.21,11818.11,17722.21,11818.11,17722.21,11818.11,17722.21,11818.11,17722.21,11818.11,17722.21,11818.11,17722.21,11818.11,17722.21,11818.11,17339.73,12200.59,17339.73,12200.59,17339.73,12200.59,17339.73,12200.59,17226.92,12313.4,14791.07,14749.25,14164.72,15375.6,14164.72,15375.6,14164.72,15375.6,14164.72,15375.6,11712.88,17827.44,8148.05,21392.27,8148.05,21392.27,8148.05,21392.27,8148.05,21392.27,8148.05,21392.27,8148.05,21392.27,14.59,29525.73,14.59,29525.73,14.59,29525.73,14.59,29525.73,14.59,29525.73,14.59,29525.73,14.59,29525.73,14.59,29525.73,14.59,29525.73,14.59,29525.73,0,29540.32,0,29540.32,0,29540.32,0,29540.32,0,29540.32,0,29540.32,0,29540.32,0,29540.32,0,29540.32,0,29540.32,0,29540.32,0,29540.32,0,29540.32,0,29540.32,0,29540.32,0,29540.32,0,29540.32
